"","Player","Team","Season","Minutes","Shots Faced","Goals Conceded","Saves","Header %","xG","G-xG","G/xG"
"","Đorđe Petrović","NER","2022","2065","111","26","84","5.4%","36.75","-10.75","0.71"
"","Tim Melia","SKC","2017","2994","116","23","91","18.1%","33.37","-10.37","0.69"
"","Andre Blake","PHI","2022","3394","130","26","100","12.3%","34.58","-8.58","0.75"
"","Bill Hamid","DCU","2014","2921","146","34","110","13.0%","42.48","-8.48","0.80"
"","Matt Turner","NER","2019","1938","116","27","87","12.1%","35.47","-8.47","0.76"
"","Matt Turner","NER","2020","2163","90","22","68","13.3%","30.37","-8.37","0.72"
"","Roman Bürki","STL","2023","3296","165","40","123","14.5%","48.29","-8.29","0.83"
"","Stefan Frei","SEA","2018","3241","150","33","114","16.7%","40.84","-7.84","0.81"
"","Luis Robles","NYRB","2013","3320","147","39","103","9.5%","46.69","-7.69","0.84"
"","Steve Clark","POR","2019","2410","109","24","84","15.6%","31.35","-7.35","0.77"
"","Andre Blake","PHI","2021","2585","98","22","76","18.4%","29.34","-7.34","0.75"
"","Nick Rimando","RSL","2015","2343","93","23","66","22.6%","30.10","-7.10","0.76"
"","Nick Rimando","RSL","2013","2626","112","28","82","18.8%","34.75","-6.75","0.81"
"","Matt Turner","NER","2021","2752","138","34","101","13.0%","40.47","-6.47","0.84"
"","David Ousted","VAN","2015","3313","138","36","99","13.0%","42.34","-6.34","0.85"
"","Steve Clark","CLB","2014","3304","153","40","111","14.4%","46.26","-6.26","0.86"
"","Daniel","SJE","2023","2168","114","28","84","14.0%","34.04","-6.04","0.82"
"","Stefan Frei","SEA","2015","2952","144","33","111","17.4%","38.25","-5.25","0.86"
"","Aljaz Ivacic","POR","2022","3208","163","48","112","16.6%","53.07","-5.07","0.90"
"","Nick Rimando","RSL","2014","2344","97","25","71","17.5%","30.03","-5.03","0.83"
"","Evan Bush","MTL","2018","3321","184","50","132","20.1%","54.90","-4.90","0.91"
"","JT Marcinkowski","SJE","2021","3292","186","50","129","13.4%","54.85","-4.85","0.91"
"","Donovan Ricketts","POR","2013","3126","126","31","92","23.8%","35.82","-4.82","0.87"
"","Bill Hamid","DCU","2015","2421","133","29","101","12.0%","33.82","-4.82","0.86"
"","Maxime Crépeau","VAN","2021","2684","126","29","97","15.1%","33.61","-4.61","0.86"
"","Jeff Attinella","RSL","2014","981","60","14","45","13.3%","18.39","-4.39","0.76"
"","Bobby Shuttleworth","NER","2014","3110","141","39","94","13.5%","43.39","-4.39","0.90"
"","Đorđe Petrović","NER","2023","2186","126","26","98","14.3%","30.22","-4.22","0.86"
"","Tim Melia","SKC","2015","2233","113","28","82","22.1%","32.21","-4.21","0.87"
"","Tyler Deric","HOU","2016","827","37","6","31","18.9%","10.21","-4.21","0.59"
"","Matt Turner","NER","2018","2642","126","40","83","18.3%","44.11","-4.11","0.91"
"","Luis Robles","NYRB","2018","3046","115","29","84","18.3%","33.03","-4.03","0.88"
"","Brad Stuver","ATX","2022","3004","140","41","98","15.7%","45.02","-4.02","0.91"
"","Sean Johnson","CHI","2014","3211","149","48","96","17.4%","51.90","-3.90","0.92"
"","Stefan Frei","SEA","2019","3371","165","47","116","13.3%","50.81","-3.81","0.93"
"","Sean Johnson","NYC","2020","2287","107","25","81","18.7%","28.79","-3.79","0.87"
"","Tally Hall","HOU","2013","3306","141","39","95","12.8%","42.61","-3.61","0.92"
"","Jon Busch","SJE","2014","3308","191","49","137","14.1%","52.50","-3.50","0.93"
"","Brad Guzan","ATL","2017","1358","47","9","38","19.1%","12.45","-3.45","0.72"
"","Andre Blake","PHI","2023","2663","101","26","73","10.9%","29.41","-3.41","0.88"
"","Alex Bono","TOR","2020","295","16","0","16","25.0%","3.23","-3.23","0.00"
"","Andre Blake","PHI","2015","572","34","8","26","5.9%","11.15","-3.15","0.72"
"","Tim Melia","SKC","2018","3363","148","39","106","8.8%","42.10","-3.10","0.93"
"","Josh Saunders","NYC","2015","3207","188","57","123","13.8%","60.08","-3.08","0.95"
"","Eloy Room","CLB","2022","3398","146","39","103","22.6%","42.05","-3.05","0.93"
"","Luis Robles","NYRB","2014","3315","171","50","111","12.9%","53.05","-3.05","0.94"
"","Tim Melia","SKC","2016","2642","95","27","66","10.5%","30.01","-3.01","0.90"
"","Clément Diop","MTL","2020","1984","110","35","73","16.4%","37.93","-2.93","0.92"
"","Jaime Penedo","LAG","2014","2806","114","31","81","13.2%","33.92","-2.92","0.91"
"","Tim Howard","COL","2016","1652","73","19","54","15.1%","21.90","-2.90","0.87"
"","Bill Hamid","DCU","2013","2420","119","37","80","16.0%","39.90","-2.90","0.93"
"","Brad Stuver","ATX","2023","3418","184","54","129","13.6%","56.89","-2.89","0.95"
"","Bill Hamid","DCU","2019","3293","168","36","126","15.5%","38.88","-2.88","0.93"
"","Tyler Deric","HOU","2014","1000","53","14","36","11.3%","16.80","-2.80","0.83"
"","Luis Robles","NYRB","2017","3332","149","46","99","14.8%","48.74","-2.74","0.94"
"","Donovan Ricketts","POR","2014","3107","150","41","105","11.3%","43.72","-2.72","0.94"
"","Maarten Paes","FCD","2022","3189","130","34","91","13.9%","36.69","-2.69","0.93"
"","Brad Guzan","ATL","2021","2860","127","29","98","9.4%","31.66","-2.66","0.92"
"","Carlos Coronel","NYRB","2021","3398","121","33","87","14.9%","35.65","-2.65","0.93"
"","Andre Blake","PHI","2020","2079","81","18","63","23.5%","20.63","-2.63","0.87"
"","David Bingham","SJE","2015","3310","147","38","105","20.4%","40.60","-2.60","0.94"
"","Steve Clark","POR","2021","2319","124","30","88","15.3%","32.58","-2.58","0.92"
"","Chris Seitz","FCD","2016","2729","95","28","63","21.1%","30.58","-2.58","0.92"
"","Jeff Attinella","RSL","2015","975","64","24","40","12.5%","26.54","-2.54","0.90"
"","David Bingham","SJE","2016","3252","146","37","106","17.1%","39.47","-2.47","0.94"
"","Tyler Miller","LAFC","2019","2778","103","26","72","15.5%","28.43","-2.43","0.91"
"","Brian Rowe","LAG","2016","2993","148","32","113","16.2%","34.42","-2.42","0.93"
"","Dayne St. Clair","MIN","2022","3094","155","44","109","14.8%","46.41","-2.41","0.95"
"","Dayne St. Clair","MIN","2020","1270","63","12","48","15.9%","14.36","-2.36","0.84"
"","Raúl Fernández","FCD","2013","2547","129","38","88","10.8%","40.34","-2.34","0.94"
"","Raúl Fernández","FCD","2014","1988","95","24","66","12.6%","26.32","-2.32","0.91"
"","Andy Gruenebaum","SKC","2014","1019","45","10","34","13.3%","12.30","-2.30","0.81"
"","JT Marcinkowski","SJE","2023","1252","54","15","38","7.4%","17.27","-2.27","0.87"
"","Alex Bono","TOR","2017","2760","104","32","72","9.6%","34.23","-2.23","0.94"
"","Stefan Frei","SEA","2022","2679","123","38","85","13.8%","40.17","-2.17","0.95"
"","Alec Kann","ATL","2021","495","31","8","23","16.1%","10.17","-2.17","0.79"
"","Sean Johnson","CHI","2015","2032","90","31","59","16.7%","33.15","-2.15","0.94"
"","Kristijan Kahlina","CLT","2023","2425","111","32","78","8.1%","34.11","-2.11","0.94"
"","Bill Hamid","DCU","2017","2325","132","32","98","18.2%","34.11","-2.11","0.94"
"","Stefan Frei","SEA","2023","3188","105","26","77","18.1%","28.11","-2.11","0.93"
"","Andrew Dykstra","DCU","2015","841","57","16","40","8.8%","18.07","-2.07","0.89"
"","Matt Reis","NER","2013","1086","37","7","29","10.8%","9.06","-2.06","0.77"
"","Logan Ketterer","POR","2021","297","12","3","9","33.3%","4.99","-1.99","0.60"
"","Alec Kann","ATL","2017","1750","83","23","56","18.1%","24.92","-1.92","0.92"
"","Carlos Coronel","PHI","2019","351","11","2","9","0.0%","3.83","-1.83","0.52"
"","Steve Clark","CLB","2016","3101","161","48","112","18.6%","49.81","-1.81","0.96"
"","Jeff Attinella","POR","2018","2128","85","21","64","14.1%","22.77","-1.76","0.92"
"","Brian Rowe","ORL","2020","401","21","5","16","23.8%","6.75","-1.75","0.74"
"","Roman Celentano","CIN","2023","3332","122","35","86","18.0%","36.70","-1.70","0.95"
"","David Bingham","LAG","2019","3257","195","52","141","8.2%","53.65","-1.65","0.97"
"","John McCarthy","PHI","2018","97","6","0","6","16.7%","1.65","-1.65","0.00"
"","Travis Worra","DCU","2016","1251","52","18","34","3.9%","19.62","-1.62","0.92"
"","Nick Rimando","RSL","2017","2685","110","33","73","10.9%","34.60","-1.60","0.95"
"","Andy Gruenebaum","CLB","2013","2047","100","28","71","10.0%","29.57","-1.57","0.95"
"","Nick Rimando","RSL","2016","2925","137","39","91","13.1%","40.57","-1.57","0.96"
"","Alex Bono","DCU","2023","964","39","11","28","25.6%","12.54","-1.54","0.88"
"","Brad Knighton","VAN","2013","1073","50","14","35","14.0%","15.54","-1.54","0.90"
"","Joe Willis","NSH","2020","2232","92","22","69","14.1%","23.52","-1.52","0.94"
"","Stefan Cleveland","SEA","2022","679","37","8","28","8.1%","9.50","-1.50","0.84"
"","Zac MacMath","PHI","2013","3324","147","43","101","15.0%","44.50","-1.50","0.97"
"","Ryan Meara","NYRB","2020","1234","55","16","39","12.7%","17.47","-1.47","0.92"
"","Andre Blake","PHI","2017","2518","125","34","88","11.2%","35.46","-1.46","0.96"
"","Tyler Deric","HOU","2015","3017","139","42","89","15.8%","43.46","-1.46","0.97"
"","Joe Bendik","ORL","2017","3218","173","50","118","9.8%","51.46","-1.46","0.97"
"","Andre Blake","PHI","2014","95","8","1","7","12.5%","2.44","-1.44","0.41"
"","Bill Hamid","DCU","2018","1372","63","12","51","12.7%","13.43","-1.43","0.89"
"","Clément Diop","LAG","2016","193","15","3","11","6.7%","4.41","-1.41","0.68"
"","David Ousted","VAN","2016","3209","163","52","107","15.3%","53.41","-1.41","0.97"
"","Jimmy Maurer","FCD","2020","1520","68","13","54","17.6%","14.41","-1.41","0.90"
"","Maarten Paes","FCD","2023","2916","121","25","94","12.4%","26.39","-1.39","0.95"
"","Eloy Room","CLB","2020","1654","57","15","41","8.8%","16.39","-1.39","0.92"
"","Drake Callender","MIA","2022","2392","116","36","78","12.1%","37.34","-1.34","0.96"
"","Adrián Zendejas","SKC","2019","99","4","1","3","0.0%","2.32","-1.32","0.43"
"","Tim Melia","SKC","2023","1576","69","24","44","8.7%","25.31","-1.31","0.95"
"","Stefan Frei","SEA","2017","3187","121","36","84","13.2%","37.30","-1.30","0.96"
"","Brad Knighton","NER","2016","1242","49","16","31","10.2%","17.30","-1.30","0.92"
"","Clément Diop","MTL","2021","799","32","9","23","34.4%","10.28","-1.28","0.88"
"","Steve Clark","HOU","2022","3237","153","46","104","14.4%","47.28","-1.28","0.97"
"","Nick Rimando","RSL","2018","3202","165","56","103","13.3%","57.27","-1.27","0.98"
"","Jaime Penedo","LAG","2015","1550","69","19","50","17.4%","20.24","-1.24","0.94"
"","Andrew Putna","RSL","2019","493","19","6","12","26.3%","7.23","-1.23","0.83"
"","Daniel Vega","SJE","2019","3372","164","53","108","12.2%","54.22","-1.22","0.98"
"","Stefan Frei","SEA","2020","2175","83","22","60","15.7%","23.20","-1.20","0.95"
"","Clint Irwin","COL","2019","997","58","15","42","12.1%","16.17","-1.17","0.93"
"","Eric Kronberg","SKC","2014","1959","73","22","45","11.0%","23.12","-1.12","0.95"
"","Evan Bush","MTL","2015","3006","142","39","99","16.2%","40.11","-1.11","0.97"
"","Richard Sánchez","CHI","2017","194","15","4","11","20.0%","5.10","-1.10","0.78"
"","Matt Lampson","CLB","2013","1264","63","18","43","11.1%","19.09","-1.09","0.94"
"","Joe Nasco","COL","2014","290","19","6","13","5.3%","7.09","-1.09","0.85"
"","Zac MacMath","VAN","2019","797","52","11","37","11.5%","12.08","-1.08","0.91"
"","Chris Seitz","FCD","2013","774","36","11","24","13.9%","12.06","-1.06","0.91"
"","Jeff Attinella","POR","2020","96","7","3","4","14.3%","4.05","-1.05","0.74"
"","Bill Hamid","DCU","2016","1937","93","25","68","14.0%","26.04","-1.04","0.96"
"","Matt Lampson","CHI","2016","1062","76","18","55","11.8%","19.04","-1.04","0.95"
"","Quentin Westberg","TOR","2020","1964","75","25","48","21.3%","26.03","-1.03","0.96"
"","Andrew Weber","SEA","2013","247","8","3","5","25.0%","4.02","-1.02","0.75"
"","Gabriel Slonina","CHI","2021","1062","60","15","45","20.0%","16.00","-1.00","0.94"
"","Jon Busch","SJE","2013","3224","142","41","101","14.1%","42.00","-1.00","0.98"
"","Zac MacMath","RSL","2023","2746","121","35","83","13.2%","35.98","-0.98","0.97"
"","Stefan Frei","SEA","2016","3181","137","41","91","18.3%","41.96","-0.96","0.98"
"","Chris Brady","CHI","2022","95","5","1","4","0.0%","1.96","-0.96","0.51"
"","Jeff Attinella","POR","2017","1347","64","19","45","9.4%","19.95","-0.95","0.95"
"","Joe Willis","HOU","2018","2590","124","40","82","15.3%","40.95","-0.95","0.98"
"","Evan Bush","MTL","2013","97","7","1","6","42.9%","1.95","-0.95","0.51"
"","Josh Ford","ORL","2015","106","6","1","5","0.0%","1.94","-0.94","0.51"
"","Jacob Jackson","NER","2023","196","13","4","9","23.1%","4.93","-0.93","0.81"
"","Clint Irwin","TOR","2017","530","18","5","13","22.2%","5.91","-0.91","0.85"
"","James Pantemis","MTL","2022","1104","38","11","26","18.4%","11.89","-0.89","0.93"
"","Pedro Gallese","ORL","2021","2200","99","29","67","15.2%","29.82","-0.82","0.97"
"","Isaac Boehmer","VAN","2022","245","12","4","8","25.0%","4.82","-0.82","0.83"
"","Cody Cropper","NER","2016","95","2","0","2","0.0%","0.81","-0.81","0.00"
"","Eric Kronberg","MTL","2015","293","11","5","6","0.0%","5.80","-0.80","0.86"
"","Luka Gavran","TOR","2023","398","32","12","20","12.5%","12.79","-0.79","0.94"
"","Troy Perkins","SEA","2015","341","15","3","12","26.7%","3.79","-0.79","0.79"
"","Brad Stuver","ATX","2021","3277","191","52","136","15.7%","52.76","-0.76","0.99"
"","Luis Robles","NYRB","2016","3342","143","43","100","14.7%","43.76","-0.76","0.98"
"","Joe Bendik","PHI","2021","238","8","3","5","12.5%","3.75","-0.75","0.80"
"","Jesse Gonzalez","FCD","2015","1069","47","10","37","8.5%","10.74","-0.74","0.93"
"","Bobby Shuttleworth","CHI","2020","1672","81","27","53","28.4%","27.72","-0.72","0.97"
"","Max Anchor","VAN","2022","101","6","2","4","33.3%","2.72","-0.72","0.73"
"","Patrick McLain","CHI","2018","428","20","5","13","20.0%","5.71","-0.71","0.88"
"","Sean Johnson","CHI","2013","2719","132","38","93","19.7%","38.70","-0.70","0.98"
"","Jon Kempin","LAG","2017","614","40","13","27","5.0%","13.70","-0.70","0.95"
"","Brian Rowe","LAG","2014","290","13","3","10","0.0%","3.69","-0.69","0.81"
"","Eloy Room","CLB","2019","1199","47","14","33","23.4%","14.68","-0.68","0.95"
"","George Marks","CLT","2023","712","41","12","29","14.6%","12.68","-0.68","0.95"
"","Alex Bono","TOR","2022","2449","126","41","84","12.7%","41.64","-0.64","0.98"
"","Matt Bersano","SJE","2022","151","10","3","6","10.0%","3.61","-0.61","0.83"
"","Joe Willis","HOU","2016","2466","129","39","89","10.8%","39.59","-0.59","0.99"
"","Jake Gleeson","POR","2016","2692","153","39","111","19.6%","39.57","-0.57","0.99"
"","Spencer Richey","SEA","2021","196","5","0","5","40.0%","0.55","-0.55","0.00"
"","Steward Ceus","COL","2013","100","6","1","5","0.0%","1.53","-0.53","0.65"
"","William Yarbrough","COL","2021","3271","142","31","106","14.8%","31.53","-0.53","0.98"
"","John McCarthy","LAFC","2022","101","6","2","4","16.7%","2.51","-0.51","0.80"
"","Andrew Tarbell","SJE","2016","56","2","1","1","50.0%","1.51","-0.51","0.66"
"","Brad Knighton","NER","2018","684","46","12","33","10.9%","12.49","-0.49","0.96"
"","Paolo Tornaghi","VAN","2016","95","6","0","6","0.0%","0.49","-0.49","0.00"
"","Stefan Frei","SEA","2021","1661","62","15","44","21.0%","15.48","-0.48","0.97"
"","Andrew Putna","RSL","2018","156","7","1","6","0.0%","1.46","-0.46","0.69"
"","Andrew Weber","POR","2014","174","14","7","7","14.3%","7.46","-0.46","0.94"
"","David Bingham","SJE","2013","96","8","1","7","12.5%","1.46","-0.46","0.69"
"","Mason Stajduhar","ORL","2022","195","14","5","9","14.3%","5.42","-0.42","0.92"
"","Joe Cannon","VAN","2013","974","42","11","31","33.3%","11.41","-0.41","0.96"
"","Bobby Edwards","CIN","2020","199","6","3","3","16.7%","3.38","-0.38","0.89"
"","Alex Roldan","SEA","2021","5","1","0","1","100.0%","0.37","-0.37","0.00"
"","Brian Rowe","LAG","2013","387","19","4","14","10.5%","4.37","-0.37","0.92"
"","Elliot Panicco","NSH","2023","198","9","1","8","11.1%","1.36","-0.36","0.74"
"","David Ousted","CHI","2019","1373","56","20","34","21.4%","20.35","-0.35","0.98"
"","Jalil Anibaba","HOU","2016","14","2","0","2","0.0%","0.34","-0.34","0.00"
"","Carlos Joaquim dos Santos","MIA","2023","97","4","1","3","0.0%","1.33","-0.33","0.75"
"","Eirik Holmen Johansen","NYC","2016","97","6","1","5","16.7%","1.32","-0.32","0.76"
"","Matt Freese","NYC","2023","1003","37","8","29","8.1%","8.31","-0.31","0.96"
"","Maxime Crépeau","LAFC","2023","702","17","6","11","23.5%","6.31","-0.31","0.95"
"","Patrick McLain","CHV","2013","134","7","3","4","28.6%","3.30","-0.30","0.91"
"","Stefan Frei","TOR","2013","95","3","1","2","33.3%","1.28","-0.28","0.78"
"","Spencer Richey","CHI","2022","103","4","2","2","25.0%","2.28","-0.28","0.88"
"","Clément Diop","MTL","2019","197","7","1","6","0.0%","1.28","-0.28","0.78"
"","Andrew Tarbell","HOU","2023","100","4","0","4","0.0%","0.27","-0.27","0.00"
"","Zack Steffen","CLB","2019","1283","56","17","39","23.2%","17.27","-0.27","0.98"
"","Tyler Miller","SEA","2017","97","8","3","5","12.5%","3.27","-0.27","0.92"
"","Marcus Hahnemann","SEA","2013","391","10","4","6","20.0%","4.24","-0.24","0.94"
"","Ryan Meara","NYRB","2019","101","5","1","4","40.0%","1.24","-0.24","0.81"
"","Jeff Attinella","POR","2021","185","5","1","4","0.0%","1.23","-0.23","0.81"
"","John McCarthy","PHI","2016","96","5","2","3","40.0%","2.22","-0.22","0.90"
"","Ryan Meara","NYC","2015","97","7","1","6","14.3%","1.20","-0.20","0.83"
"","Alec Kann","CHI","2015","96","8","2","6","12.5%","2.20","-0.20","0.91"
"","James Pantemis","MTL","2020","294","24","7","17","8.3%","7.19","-0.19","0.97"
"","Phelipe","FCD","2020","98","9","3","6","11.1%","3.17","-0.17","0.95"
"","Thomas Hasal","VAN","2023","101","7","2","5","0.0%","2.17","-0.17","0.92"
"","Dan Kennedy","LAG","2016","129","7","3","4","14.3%","3.17","-0.17","0.95"
"","Greg Ranjitsingh","ORL","2019","204","7","3","4","42.9%","3.17","-0.17","0.95"
"","Patrick McLain","CHI","2016","98","6","3","3","33.3%","3.16","-0.16","0.95"
"","Tyler Deric","HOU","2017","2546","109","30","76","17.4%","30.16","-0.16","0.99"
"","David Jensen","NYRB","2020","1022","41","14","25","17.1%","14.14","-0.14","0.99"
"","Michael Gspurning","SEA","2013","2680","114","35","76","19.3%","35.12","-0.12","1.00"
"","Matt Freese","PHI","2020","101","1","0","1","100.0%","0.12","-0.12","0.00"
"","Matt Freese","PHI","2019","480","23","7","13","17.4%","7.10","-0.10","0.99"
"","Jeff Attinella","RSL","2016","395","13","5","8","7.7%","5.09","-0.09","0.98"
"","Alec Kann","ATL","2018","98","6","1","5","33.3%","1.09","-0.09","0.92"
"","Ryan Meara","NYRB","2018","300","16","3","12","0.0%","3.08","-0.08","0.98"
"","Tim Melia","SKC","2021","2777","100","33","67","18.0%","33.08","-0.08","1.00"
"","David Bingham","SJE","2017","2211","94","33","58","19.1%","33.04","-0.04","1.00"
"","Travis Worra","DCU","2015","39","1","0","1","0.0%","0.03","-0.03","0.00"
"","Ryan Hollingshead","FCD","2016","7","1","0","1","0.0%","0.02","-0.02","0.00"
"","Kyle Reynish","CHI","2014","96","4","2","2","25.0%","2.01","-0.01","0.99"
"","Jesse Gonzalez","FCD","2019","3200","128","42","84","11.7%","42.00","-0.00","1.00"
"","José Gonçalves","NER","2016","0","0","0","0","0.0%","0.00","0.00","0.00"
"","Justin Rasmussen","POR","2023","1","0","0","0","0.0%","0.00","0.00","0.00"
"","Stefan Cleveland","CHI","2018","487","33","8","25","12.1%","8.00","0.00","1.00"
"","Bobby Shuttleworth","MIN","2017","3080","174","57","116","17.2%","56.98","0.02","1.00"
"","Trevor Spangenberg","CHV","2014","25","2","1","1","0.0%","0.95","0.05","1.05"
"","Matt Lampson","LAG","2019","98","7","4","3","28.6%","3.94","0.06","1.02"
"","Gabriel Slonina","CHI","2022","3181","126","44","80","13.5%","43.94","0.06","1.00"
"","JT Marcinkowski","SJE","2018","487","32","11","20","18.8%","10.94","0.06","1.01"
"","Aljaz Ivacic","POR","2021","464","32","12","20","21.9%","11.93","0.07","1.01"
"","Josh Saunders","RSL","2013","253","18","4","13","5.6%","3.93","0.07","1.02"
"","Zac MacMath","RSL","2020","588","21","7","14","4.8%","6.92","0.08","1.01"
"","Jimmy Maurer","FCD","2019","199","12","4","8","8.3%","3.91","0.09","1.02"
"","Marko Maric","HOU","2020","2270","122","39","79","15.6%","38.91","0.09","1.00"
"","Maxime Crépeau","VAN","2020","367","22","10","12","18.2%","9.91","0.09","1.01"
"","Tomás Romero","TOR","2023","601","35","12","23","5.7%","11.91","0.09","1.01"
"","Alex Bono","TOR","2019","609","28","11","16","14.3%","10.91","0.09","1.01"
"","William Yarbrough","COL","2020","1384","69","19","48","2.9%","18.90","0.10","1.01"
"","Alex Tambakis","ATL","2017","36","3","2","1","66.7%","1.89","0.11","1.06"
"","Joe Willis","NSH","2023","3210","130","30","98","10.8%","29.88","0.12","1.00"
"","Chris Seitz","DCU","2019","98","3","1","2","0.0%","0.88","0.12","1.14"
"","David Bingham","POR","2022","197","13","3","10","15.4%","2.86","0.14","1.05"
"","Stefan Cleveland","SEA","2023","203","8","4","4","12.5%","3.83","0.17","1.04"
"","Abraham Rodriguez","COL","2023","100","5","1","4","20.0%","0.83","0.17","1.21"
"","Brad Knighton","NER","2022","398","20","7","13","15.0%","6.81","0.19","1.03"
"","Adam Grinwis","ORL","2018","486","20","6","14","5.0%","5.81","0.19","1.03"
"","Vito Mannone","MIN","2019","3356","175","43","129","10.9%","42.81","0.19","1.00"
"","Joe Bendik","ORL","2016","3331","178","59","114","15.2%","58.79","0.21","1.00"
"","Brad Knighton","NER","2020","97","6","1","5","16.7%","0.79","0.21","1.26"
"","Brad Knighton","NER","2017","584","31","11","20","25.8%","10.77","0.23","1.02"
"","Sean Johnson","NYC","2021","2861","115","30","84","12.2%","29.77","0.23","1.01"
"","Jon Kempin","SKC","2015","288","11","5","6","18.2%","4.76","0.24","1.05"
"","Bryan Meredith","VAN","2020","292","27","7","20","22.2%","6.74","0.26","1.04"
"","Joe Willis","NSH","2021","3336","132","31","100","19.7%","30.72","0.28","1.01"
"","Andrew Dykstra","DCU","2014","391","9","3","6","11.1%","2.72","0.28","1.10"
"","Connor Sparrow","CHI","2020","98","7","3","4","0.0%","2.69","0.31","1.12"
"","Tyler Miller","SEA","2016","98","4","2","2","50.0%","1.68","0.32","1.19"
"","Brad Stuver","NYC","2019","507","14","4","10","14.3%","3.68","0.32","1.09"
"","Zac MacMath","PHI","2014","2822","125","44","77","12.0%","43.67","0.33","1.01"
"","Andre Blake","PHI","2018","3217","169","49","117","13.6%","48.66","0.34","1.01"
"","Patrick Schulte","CLB","2023","3132","135","42","90","16.3%","41.66","0.34","1.01"
"","Tyler Miller","MIN","2021","2958","134","32","101","14.9%","31.66","0.34","1.01"
"","Evan Bush","MTL","2016","3166","155","50","101","20.6%","49.65","0.35","1.01"
"","Elliot Panicco","NSH","2022","194","10","3","7","40.0%","2.65","0.35","1.13"
"","Jesse Gonzalez","FCD","2020","200","5","2","3","20.0%","1.62","0.38","1.23"
"","Evan Bush","MTL","2014","1262","79","23","52","11.4%","22.62","0.38","1.02"
"","Earl Edwards Jr.","ORL","2018","428","26","10","15","15.4%","9.62","0.38","1.04"
"","Pedro Gallese","ORL","2020","1903","72","19","53","20.8%","18.59","0.41","1.02"
"","Chris Seitz","FCD","2017","486","20","8","12","10.0%","7.58","0.42","1.06"
"","Brian Sylvestre","PHI","2015","1157","51","19","31","13.7%","18.57","0.43","1.02"
"","Bobby Shuttleworth","NER","2015","3008","125","41","78","12.8%","40.56","0.44","1.01"
"","Zack Steffen","CLB","2017","3303","150","49","98","15.3%","48.55","0.45","1.01"
"","Luis Barraza","NYC","2021","505","12","5","7","0.0%","4.54","0.46","1.10"
"","Daniel Vega","SJE","2021","99","1","1","0","0.0%","0.53","0.47","1.87"
"","Tyler Miller","MIN","2022","245","11","3","8","18.2%","2.52","0.48","1.19"
"","Jimmy Maurer","FCD","2022","203","8","3","5","25.0%","2.51","0.49","1.19"
"","Brian Perk","LAG","2014","193","3","1","2","0.0%","0.50","0.50","2.00"
"","Jamal Blackman","LAFC","2021","812","35","13","21","14.3%","12.50","0.50","1.04"
"","Kyle Reynish","ATL","2017","162","5","3","2","0.0%","2.50","0.50","1.20"
"","Marko Maric","HOU","2021","2188","104","32","68","18.3%","31.49","0.51","1.02"
"","Pablo Sisniega","LAFC","2019","580","26","8","17","15.4%","7.49","0.51","1.07"
"","Chris Brady","CHI","2023","2933","138","42","92","19.6%","41.48","0.52","1.01"
"","Stefan Cleveland","SEA","2021","1494","47","17","29","10.6%","16.48","0.52","1.03"
"","Sean Johnson","NYC","2018","3123","141","40","100","17.0%","39.46","0.54","1.01"
"","Milos Kocic","POR","2013","195","10","2","7","10.0%","1.46","0.54","1.37"
"","Clément Diop","ATL","2023","157","7","4","3","0.0%","3.43","0.57","1.17"
"","Eloy Room","CLB","2023","304","10","3","7","20.0%","2.43","0.57","1.24"
"","Andrew Dykstra","DCU","2016","101","7","4","3","57.1%","3.41","0.59","1.17"
"","Tyler Miller","MIN","2020","499","19","6","13","5.3%","5.40","0.60","1.11"
"","Sean Johnson","NYC","2019","2892","116","35","78","10.3%","34.40","0.60","1.02"
"","Steve Clark","DCU, POR","2018","936","61","17","44","16.4%","16.39","0.61","1.04"
"","Nick Marsman","MIA","2021","2111","101","31","68","19.8%","30.38","0.62","1.02"
"","Luis López","LAFC","2018","97","5","2","3","20.0%","1.37","0.63","1.46"
"","Eldin Jakupovic","LAFC","2023","201","7","1","6","0.0%","0.36","0.64","2.79"
"","Jonathan Klinsmann","LAG","2021","293","11","4","7","27.3%","3.36","0.64","1.19"
"","Raúl Gudiño","ATL","2022","555","17","7","7","17.6%","6.35","0.65","1.10"
"","Chris Seitz","FCD","2014","1302","65","18","42","15.4%","17.35","0.65","1.04"
"","Jeff Attinella","RSL","2013","447","24","9","14","41.7%","8.33","0.67","1.08"
"","Stefan Marinovic","VAN","2017","493","27","5","21","18.5%","4.32","0.68","1.16"
"","Zac MacMath","COL","2017","872","40","12","27","17.5%","11.30","0.70","1.06"
"","Sean Johnson","NYC","2017","3104","137","39","96","14.6%","38.29","0.71","1.02"
"","JT Marcinkowski","SJE","2020","1069","39","13","25","15.4%","12.29","0.71","1.06"
"","Spencer Richey","VAN","2017","95","3","2","1","33.3%","1.27","0.73","1.58"
"","Andrew Dykstra","SKC","2017","333","14","4","10","14.3%","3.26","0.74","1.23"
"","Steve Clark","POR","2020","1978","94","29","64","14.9%","28.26","0.74","1.03"
"","David Ochoa","RSL","2020","95","6","2","4","16.7%","1.25","0.75","1.60"
"","Brian Rowe","ORL","2019","3188","160","47","110","15.0%","46.25","0.75","1.02"
"","Kendall McIntosh","SKC","2022","190","10","2","8","20.0%","1.24","0.76","1.61"
"","Abraham Rodriguez","COL","2022","51","5","3","2","0.0%","2.23","0.77","1.34"
"","Bryan Meredith","SEA","2018","97","6","3","3","66.7%","2.20","0.80","1.36"
"","Eirik Holmen Johansen","NYC","2017","196","7","4","3","14.3%","3.20","0.80","1.25"
"","Andrew Weber","POR","2015","95","7","3","4","0.0%","2.19","0.81","1.37"
"","Eloy Room","CLB","2021","2983","125","39","83","13.6%","38.19","0.81","1.02"
"","John Pulskamp","SKC","2023","495","20","7","13","5.0%","6.18","0.82","1.13"
"","Rais M'bolhi","PHI","2015","494","20","9","10","30.0%","8.17","0.83","1.10"
"","Rais M'bolhi","PHI","2014","385","13","4","7","15.4%","3.17","0.83","1.26"
"","Earl Edwards Jr.","NER","2022","399","17","8","9","11.8%","7.16","0.84","1.12"
"","Joe Willis","HOU","2015","288","10","5","5","40.0%","4.14","0.86","1.21"
"","Maxime Crépeau","VAN","2019","2563","159","44","114","13.2%","43.14","0.86","1.02"
"","Chris Konopka","TOR","2015","2032","92","29","62","12.0%","28.14","0.86","1.03"
"","Pablo Sisniega","CLT","2022","196","9","2","7","11.1%","1.14","0.86","1.76"
"","Brad Knighton","NER","2021","589","28","6","22","14.3%","5.12","0.88","1.17"
"","Julio César","TOR","2014","681","27","9","18","14.8%","8.11","0.89","1.11"
"","Andrew Tarbell","CLB","2020","622","24","6","17","12.5%","5.11","0.89","1.17"
"","Alec Kann","SKC","2016","683","28","11","17","21.4%","10.10","0.90","1.09"
"","Kyle Morton","HOU","2021","94","6","2","4","33.3%","1.07","0.93","1.86"
"","Jeff Attinella","POR","2019","998","64","24","40","18.8%","23.07","0.93","1.04"
"","Steve Clark","HOU","2023","3335","123","37","84","13.8%","36.06","0.94","1.03"
"","William Yarbrough","COL","2023","1997","91","25","65","15.4%","24.06","0.94","1.04"
"","Jon Kempin","SKC","2014","345","13","7","5","23.1%","6.06","0.94","1.15"
"","Ryan Meara","NYRB","2022","102","5","2","2","20.0%","1.06","0.94","1.89"
"","Pedro Gallese","ORL","2023","3031","112","32","78","14.3%","31.06","0.94","1.03"
"","Matt Pickens","COL","2013","105","4","2","2","25.0%","1.05","0.95","1.91"
"","Paul Christensen","ATL","2018","61","3","2","1","0.0%","1.03","0.97","1.94"
"","Jimmy Maurer","FCD","2018","1285","47","15","32","10.6%","14.03","0.97","1.07"
"","Paolo Tornaghi","VAN","2017","72","7","3","4","0.0%","2.02","0.98","1.49"
"","Jesse Gonzalez","FCD","2018","2079","92","28","63","15.2%","27.02","0.98","1.04"
"","Evan Bush","VAN","2020","792","32","10","22","9.4%","9.01","0.99","1.11"
"","Clint Irwin","MIN","2023","405","22","8","14","9.1%","7.00","1.00","1.14"
"","Zac MacMath","RSL","2021","646","20","6","14","10.0%","5.00","1.00","1.20"
"","Brad Knighton","NER","2015","293","16","6","9","18.8%","5.00","1.00","1.20"
"","Joe Bendik","PHI","2020","105","3","2","1","0.0%","0.99","1.01","2.02"
"","Mason Stajduhar","ORL","2021","500","16","5","10","18.8%","3.99","1.01","1.25"
"","George Marks","CLT","2022","102","3","2","1","0.0%","0.97","1.03","2.05"
"","Pablo Sisniega","CLT","2023","299","15","6","9","13.3%","4.97","1.03","1.21"
"","Aljaz Ivacic","POR","2020","193","8","3","5","12.5%","1.96","1.04","1.53"
"","Phelipe","FCD","2021","1035","57","19","36","12.3%","17.96","1.04","1.06"
"","Clint Irwin","COL","2015","3021","125","37","88","20.0%","35.95","1.05","1.03"
"","Brad Stuver","CLB","2016","194","15","7","8","0.0%","5.95","1.05","1.18"
"","Chris Seitz","DCU","2020","591","32","9","22","12.5%","7.94","1.06","1.13"
"","Earl Edwards Jr.","NER","2023","983","46","15","30","15.2%","13.94","1.06","1.08"
"","Jaime Penedo","LAG","2013","868","31","7","24","22.6%","5.94","1.06","1.18"
"","Alec Kann","CIN","2023","104","5","2","3","0.0%","0.93","1.07","2.15"
"","Michael Nelson","HOU","2022","169","13","8","5","15.4%","6.92","1.08","1.16"
"","Carlos Coronel","NYRB","2023","3442","93","37","55","14.0%","35.92","1.08","1.03"
"","Quentin Westberg","ATL","2023","550","19","9","10","10.5%","7.92","1.08","1.14"
"","Steve Clark","DCU","2017","481","27","11","13","11.1%","9.92","1.08","1.11"
"","Dan Kennedy","FCD","2015","1549","49","18","31","14.3%","16.90","1.10","1.07"
"","Brad Knighton","NER","2014","196","12","6","6","8.3%","4.90","1.10","1.22"
"","David Ousted","VAN","2013","1264","54","16","37","18.5%","14.88","1.12","1.08"
"","Andrew Tarbell","ATX","2021","97","5","3","2","40.0%","1.85","1.15","1.62"
"","Kyle Zobeck","FCD","2020","355","18","6","11","5.6%","4.83","1.17","1.24"
"","Yohei Takaoka","VAN","2023","3309","142","45","95","17.6%","43.83","1.17","1.03"
"","Bobby Shuttleworth","CHI","2021","2283","110","36","73","20.0%","34.78","1.22","1.03"
"","Richard Sánchez","SKC","2020","132","5","3","2","0.0%","1.78","1.22","1.69"
"","Brian Rowe","LAG","2015","677","22","9","13","9.1%","7.77","1.23","1.16"
"","James Pantemis","MTL","2023","182","14","5","7","0.0%","3.77","1.23","1.33"
"","Clément Diop","MIA","2022","298","11","7","4","18.2%","5.77","1.23","1.21"
"","Tim Melia","SKC","2020","1946","77","20","56","14.3%","18.74","1.26","1.07"
"","Tim Melia","CHV","2013","191","15","7","8","20.0%","5.72","1.27","1.22"
"","Brad Guzan","ATL","2022","667","24","9","14","25.0%","7.71","1.29","1.17"
"","Clint Irwin","COL","2013","3109","132","35","91","18.9%","33.70","1.30","1.04"
"","Zac MacMath","COL","2018","178","16","5","9","6.3%","3.69","1.31","1.36"
"","Jon Kempin","DCU","2022","199","11","5","6","63.6%","3.67","1.33","1.36"
"","Sean Johnson","NYC","2022","3441","120","39","80","15.0%","37.67","1.33","1.04"
"","David Ochoa","RSL","2021","2458","122","38","82","12.3%","36.65","1.35","1.04"
"","Andrew Tarbell","SJE","2017","1068","65","25","40","13.9%","23.64","1.36","1.06"
"","Matt Turner","NER","2022","484","15","7","8","6.7%","5.62","1.38","1.24"
"","Ben Lundt","STL","2023","106","7","3","4","14.3%","1.62","1.38","1.85"
"","Clint Irwin","COL","2021","98","6","3","3","0.0%","1.60","1.40","1.87"
"","Sebastian Breza","MTL","2021","793","29","8","21","10.3%","6.60","1.40","1.21"
"","John Berner","COL","2014","486","11","6","5","18.2%","4.59","1.41","1.31"
"","Tim Howard","COL","2019","2377","117","41","73","15.4%","39.58","1.42","1.04"
"","Quentin Westberg","TOR","2019","2732","115","39","75","14.8%","37.55","1.45","1.04"
"","Zac MacMath","COL","2016","1642","57","13","39","17.5%","11.55","1.45","1.13"
"","Eric Kronberg","MTL","2016","143","5","3","2","0.0%","1.52","1.48","1.98"
"","Matt Lampson","MIN","2018","898","54","19","31","20.4%","17.52","1.48","1.08"
"","David Ousted","VAN","2014","3321","139","40","95","18.7%","38.51","1.49","1.04"
"","Brad Stuver","NYC","2018","200","9","4","5","11.1%","2.50","1.50","1.60"
"","John McCarthy","MIA","2020","778","31","10","19","22.6%","8.50","1.50","1.18"
"","Mason Stajduhar","ORL","2023","393","18","6","12","5.6%","4.48","1.52","1.34"
"","Alex Bono","TOR","2016","1477","60","15","42","18.3%","13.47","1.53","1.11"
"","Zack Steffen","CLB","2018","2828","103","35","66","16.5%","33.45","1.55","1.05"
"","Joe Bendik","CLB","2019","594","27","12","14","11.1%","10.43","1.57","1.15"
"","Joe Willis","NSH","2022","3178","138","38","98","10.9%","36.41","1.59","1.04"
"","Tim Melia","CHV","2014","87","4","3","1","0.0%","1.41","1.59","2.12"
"","Bill Hamid","DCU","2020","1708","88","31","55","25.0%","29.41","1.59","1.05"
"","Adam Grinwis","ORL","2021","196","7","3","4","14.3%","1.39","1.61","2.15"
"","Tally Hall","ORL","2015","2221","114","40","73","19.3%","38.39","1.61","1.04"
"","Tim Melia","SKC","2019","3171","173","60","111","16.8%","58.38","1.62","1.03"
"","John McCarthy","LAFC","2023","2518","99","31","67","16.2%","29.38","1.62","1.06"
"","Andrew Putna","RSL","2021","243","12","7","5","41.7%","5.37","1.63","1.30"
"","Cody Cropper","CIN","2021","96","10","4","6","10.0%","2.35","1.65","1.70"
"","Jon Kempin","CLB","2019","296","8","4","4","12.5%","2.35","1.65","1.70"
"","Matthew Jones","PHI","2016","97","5","2","2","40.0%","0.34","1.66","5.85"
"","Pablo Sisniega","LAFC","2021","783","24","10","14","20.8%","8.31","1.69","1.20"
"","Bobby Shuttleworth","ATL","2022","621","21","11","10","28.6%","9.29","1.71","1.18"
"","Donovan Ricketts","ORL, LAG","2015","2040","92","32","58","14.1%","30.26","1.74","1.06"
"","John McCarthy","PHI","2017","783","49","13","34","14.3%","11.26","1.74","1.15"
"","Earl Edwards Jr.","ORL","2017","92","7","6","1","14.3%","4.24","1.76","1.42"
"","Novak Micovic","LAG","2023","199","12","6","6","16.7%","4.24","1.76","1.42"
"","Tyler Miller","LAFC","2018","3263","169","50","114","13.0%","48.23","1.77","1.04"
"","Zac MacMath","COL","2015","290","12","5","6","25.0%","3.20","1.80","1.56"
"","Tim Howard","COL","2017","2448","126","37","84","14.3%","35.19","1.81","1.05"
"","Thomas Hasal","VAN","2020","834","50","14","35","10.0%","12.18","1.82","1.15"
"","Clint Irwin","COL","2020","392","22","8","14","13.6%","6.16","1.84","1.30"
"","Jesse Gonzalez","FCD","2016","571","22","10","12","18.2%","8.16","1.84","1.23"
"","Bill Hamid","DCU","2022","974","52","15","34","17.3%","13.16","1.84","1.14"
"","Thomas Hasal","VAN","2021","679","35","14","20","17.1%","12.12","1.88","1.15"
"","Joe Willis","HOU","2019","2686","133","44","88","12.0%","42.10","1.90","1.05"
"","Jon Kempin","CLB","2018","495","18","8","10","11.1%","6.08","1.92","1.32"
"","Chris Seitz","FCD","2015","682","27","10","17","7.4%","8.00","2.00","1.25"
"","Kenneth Kronholm","CHI","2020","504","17","8","7","11.8%","5.97","2.03","1.34"
"","Jesse Gonzalez","FCD","2017","2830","118","40","75","12.7%","37.95","2.05","1.05"
"","Pablo Sisniega","LAFC","2020","1371","58","21","35","20.7%","18.93","2.07","1.11"
"","Tim Howard","COL","2018","3193","179","56","119","11.7%","53.92","2.08","1.04"
"","Clint Irwin","TOR","2016","1820","76","23","50","15.8%","20.84","2.16","1.10"
"","Jon Busch","CHI","2015","1169","57","22","35","19.3%","19.78","2.22","1.11"
"","Hunter Sulte","POR","2021","127","8","5","3","25.0%","2.76","2.24","1.81"
"","Spencer Richey","CHI","2023","485","17","7","10","11.8%","4.75","2.25","1.47"
"","Dayne St. Clair","MIN","2021","395","21","10","11","14.3%","7.74","2.26","1.29"
"","Brad Knighton","NER","2019","736","29","13","16","10.3%","10.74","2.26","1.21"
"","Jonathan Bond","LAG","2021","3069","171","48","121","15.8%","45.73","2.27","1.05"
"","John Pulskamp","SKC","2021","584","20","7","13","5.0%","4.71","2.29","1.49"
"","Luis Marín","SKC","2015","783","30","11","19","20.0%","8.69","2.31","1.27"
"","Luis Robles","NYRB","2019","3281","138","48","88","15.9%","45.69","2.31","1.05"
"","Joe Willis","DCU","2013","863","47","18","28","2.1%","15.68","2.32","1.15"
"","Alec Kann","CIN","2022","695","35","13","21","17.1%","10.67","2.33","1.22"
"","Chris Seitz","HOU","2018","599","23","9","14","8.7%","6.64","2.36","1.35"
"","John Alvbage","MIN","2017","240","15","10","5","6.7%","7.62","2.38","1.31"
"","Brad Guzan","ATL","2019","3337","135","41","91","16.3%","38.61","2.39","1.06"
"","Matt Freese","PHI","2021","560","22","7","15","13.6%","4.58","2.42","1.53"
"","Steve Clark","CLB","2015","3297","168","53","114","15.5%","50.57","2.43","1.05"
"","Zac MacMath","RSL","2022","3361","150","45","102","12.7%","42.53","2.47","1.06"
"","David Ochoa","DCU","2022","875","49","16","32","12.2%","13.53","2.47","1.18"
"","Chris Seitz","DCU","2021","389","18","6","11","11.1%","3.51","2.49","1.71"
"","Brandon Austin","ORL","2021","501","16","8","8","18.8%","5.49","2.51","1.46"
"","Joe Willis","HOU","2017","780","31","14","17","12.9%","11.48","2.52","1.22"
"","Drake Callender","MIA","2023","3327","173","50","121","15.0%","47.48","2.52","1.05"
"","Andrew Tarbell","ATX","2022","397","22","7","15","4.5%","4.46","2.54","1.57"
"","Matt Van Oekel","RSL","2017","613","47","21","25","8.5%","18.43","2.57","1.14"
"","Paolo Tornaghi","CHI","2013","581","24","11","12","20.8%","8.39","2.61","1.31"
"","Eric Dick","SKC","2019","94","9","6","3","0.0%","3.39","2.61","1.77"
"","Maxime Crépeau","MTL","2017","292","19","8","10","10.5%","5.37","2.63","1.49"
"","Tyler Deric","HOU","2018","195","14","7","7","28.6%","4.36","2.64","1.60"
"","Josh Saunders","NYC","2016","3204","158","54","98","17.1%","51.34","2.66","1.05"
"","Jorge Bava","CHI","2017","773","31","11","20","12.9%","8.33","2.67","1.32"
"","Cody Cropper","NER","2019","689","49","17","29","18.4%","14.26","2.74","1.19"
"","Greg Ranjitsingh","MIN","2020","297","22","7","15","0.0%","4.24","2.76","1.65"
"","Jimmy Maurer","FCD","2023","483","21","8","13","9.5%","5.23","2.77","1.53"
"","Evan Bush","CLB","2021","396","13","6","7","7.7%","3.21","2.79","1.87"
"","Richard Sánchez","CHI","2018","2407","128","47","79","14.8%","44.17","2.83","1.06"
"","John McCarthy","PHI","2015","1069","40","18","21","10.0%","15.14","2.86","1.19"
"","Andrew Putna","RSL","2020","1461","62","24","38","17.7%","21.13","2.87","1.14"
"","Jimmy Maurer","FCD","2021","2331","114","36","76","15.8%","33.12","2.88","1.09"
"","Bobby Shuttleworth","MIN","2018","2476","155","51","103","12.9%","48.12","2.88","1.06"
"","Roman Celentano","CIN","2022","2674","128","42","85","17.2%","39.07","2.93","1.07"
"","Luis Robles","NYRB","2015","3289","131","42","86","16.0%","39.02","2.98","1.08"
"","Kenneth Kronholm","CHI","2019","1975","87","27","58","10.3%","24.02","2.98","1.12"
"","Clint Irwin","TOR","2018","682","47","19","27","2.1%","16.01","2.99","1.19"
"","Quentin Westberg","TOR","2021","967","58","22","35","17.2%","19.01","2.99","1.16"
"","Sean Johnson","TOR","2023","1963","77","23","52","16.9%","19.99","3.01","1.15"
"","Brad Guzan","ATL","2020","2282","91","30","59","15.4%","26.97","3.03","1.11"
"","Luis Robles","MIA","2020","1514","58","24","34","6.9%","20.97","3.03","1.14"
"","Przemyslaw Tyton","CIN","2020","1183","48","18","30","14.6%","14.87","3.13","1.21"
"","Brian Rowe","VAN","2018","996","50","20","29","4.0%","16.85","3.15","1.19"
"","Aljaz Ivacic","POR","2023","1488","83","26","55","19.3%","22.80","3.20","1.14"
"","Clément Diop","LAG","2017","1446","89","31","54","13.5%","27.73","3.27","1.12"
"","Troy Perkins","MTL","2013","3234","158","47","109","15.2%","43.72","3.28","1.08"
"","Brad Guzan","ATL","2018","3195","123","41","81","13.0%","37.71","3.29","1.09"
"","Jonathan Klinsmann","LAG","2023","938","37","15","22","16.2%","11.69","3.31","1.28"
"","Jake Gleeson","POR","2017","1991","83","30","52","16.9%","26.68","3.32","1.12"
"","Kenneth Vermeer","LAFC","2020","803","36","15","19","11.1%","11.66","3.34","1.29"
"","Jonathan Klinsmann","LAG","2020","387","30","11","17","16.7%","7.65","3.35","1.44"
"","Jake Gleeson","POR","2018","588","29","13","15","24.1%","9.63","3.37","1.35"
"","Greg Ranjitsingh","TOR","2023","389","25","10","14","12.0%","6.63","3.37","1.51"
"","Spencer Richey","CIN","2020","893","34","15","19","5.9%","11.62","3.38","1.29"
"","John Pulskamp","SKC","2022","1139","50","17","32","14.0%","13.58","3.42","1.25"
"","Thomas Hasal","VAN","2022","1655","78","27","49","14.1%","23.49","3.51","1.15"
"","Matt Lampson","CHI","2017","2324","91","30","58","17.6%","26.48","3.52","1.13"
"","Troy Perkins","MTL","2014","2039","102","34","66","11.8%","30.46","3.54","1.12"
"","Gavin Beavers","RSL","2023","639","28","14","13","21.4%","10.46","3.54","1.34"
"","Sean Johnson","CHI","2016","2135","106","35","68","10.4%","31.39","3.61","1.11"
"","Nick Rimando","RSL","2019","2851","113","34","75","12.4%","30.39","3.61","1.12"
"","Adam Larsen Kwarasey","POR","2016","640","31","12","19","16.1%","8.38","3.62","1.43"
"","Tyler Deric","HOU","2019","692","36","15","19","19.4%","11.34","3.66","1.32"
"","Jimmy Nielsen","SKC","2013","3331","100","30","68","12.0%","26.33","3.67","1.14"
"","Nick Marsman","MIA","2022","692","31","12","19","12.9%","8.33","3.67","1.44"
"","Carlos Coronel","NYRB","2022","3302","118","39","73","16.1%","35.32","3.68","1.10"
"","David Bingham","LAG","2018","3327","185","61","120","14.6%","57.30","3.70","1.06"
"","Maxime Crépeau","LAFC","2022","3297","113","34","76","17.7%","30.27","3.73","1.12"
"","Bobby Shuttleworth","NER","2013","2240","96","29","64","12.5%","25.23","3.77","1.15"
"","Luis Barraza","NYC","2023","2425","92","30","62","14.1%","26.07","3.93","1.15"
"","Kendall McIntosh","SKC","2023","1333","58","20","38","17.2%","15.95","4.05","1.25"
"","Jonathan Sirois","MTL","2023","3181","143","44","97","7.7%","39.95","4.05","1.10"
"","Stefan Frei","SEA","2014","3309","149","47","99","7.4%","42.87","4.13","1.10"
"","John McCarthy","MIA","2021","1253","58","20","35","12.1%","15.81","4.19","1.27"
"","Pedro Gallese","ORL","2022","3200","127","47","79","15.0%","42.75","4.25","1.10"
"","Jon Kempin","DCU","2021","978","37","16","18","13.5%","11.75","4.25","1.36"
"","Joe Bendik","PHI","2023","792","31","12","15","9.7%","7.72","4.28","1.55"
"","Tally Hall","HOU","2014","2316","115","43","67","10.4%","38.66","4.34","1.11"
"","Quentin Westberg","TOR","2022","979","59","23","36","15.3%","18.64","4.36","1.23"
"","Alex Bono","TOR","2021","2374","126","42","82","15.9%","37.47","4.53","1.12"
"","David Ousted","DCU","2018","1687","81","31","48","13.6%","26.36","4.64","1.18"
"","Kenneth Vermeer","CIN","2021","1849","94","34","57","12.8%","29.33","4.67","1.16"
"","Michael Nelson","HOU","2021","1086","48","17","31","6.3%","11.94","5.06","1.42"
"","Bobby Shuttleworth","NER","2016","1968","88","38","49","15.9%","32.92","5.08","1.15"
"","Travis Worra","DCU","2017","489","26","14","11","19.2%","8.90","5.10","1.57"
"","Joe Bendik","TOR","2013","3220","139","45","90","14.4%","39.89","5.11","1.13"
"","Rocco Rios Novo","ATL","2022","1532","68","27","40","13.2%","21.82","5.18","1.24"
"","Bill Hamid","DCU","2021","1987","87","27","60","26.4%","21.78","5.22","1.24"
"","David Bingham","POR","2023","1914","78","29","48","20.5%","23.78","5.22","1.22"
"","Spencer Richey","CIN","2019","1875","106","44","61","12.3%","38.70","5.30","1.14"
"","Joe Bendik","TOR","2014","2631","125","43","82","14.4%","37.65","5.35","1.14"
"","Dayne St. Clair","MIN","2023","2956","135","42","91","11.1%","36.65","5.35","1.15"
"","Andre Blake","PHI","2016","3111","150","50","99","17.3%","44.58","5.42","1.12"
"","David Ousted","VAN","2017","2631","132","39","90","11.4%","33.46","5.54","1.17"
"","Daniel Vega","SJE","2020","1173","79","35","42","24.1%","29.43","5.57","1.19"
"","David Bingham","LAG","2020","1754","87","35","52","11.5%","29.26","5.74","1.20"
"","Brian Rowe","LAG","2017","1260","60","22","35","15.0%","16.12","5.88","1.36"
"","Cody Cropper","VAN","2022","1360","55","24","28","14.5%","18.03","5.97","1.33"
"","James Pantemis","MTL","2021","1783","83","25","56","19.3%","18.99","6.01","1.32"
"","Tomás Romero","LAFC","2021","1799","62","28","33","16.1%","21.96","6.04","1.28"
"","Tim Melia","SKC","2022","2033","80","34","45","17.5%","27.93","6.07","1.22"
"","Kristijan Kahlina","CLT","2022","3081","147","47","97","10.9%","40.89","6.11","1.15"
"","Brad Guzan","ATL","2023","2723","101","39","61","12.9%","32.85","6.15","1.19"
"","Tyler Miller","DCU","2023","2481","101","37","63","15.8%","30.83","6.17","1.20"
"","Marko Ilic","COL","2023","1276","70","28","41","18.6%","21.80","6.20","1.28"
"","Clint Irwin","COL","2014","2520","125","49","73","13.6%","42.76","6.24","1.15"
"","Joe Bendik","TOR","2015","1262","72","27","45","13.9%","20.67","6.33","1.31"
"","Carlo Cudicini","LAG","2013","2034","68","27","39","16.2%","20.63","6.37","1.31"
"","Przemyslaw Tyton","CIN","2021","1419","89","35","53","14.6%","28.62","6.38","1.22"
"","Stefan Marinovic","VAN","2018","2385","112","44","65","14.3%","37.43","6.57","1.18"
"","Przemyslaw Tyton","CIN","2019","1489","62","30","32","21.0%","23.43","6.57","1.28"
"","Alex Bono","TOR","2018","2629","137","45","90","15.3%","38.29","6.71","1.18"
"","Adam Larsen Kwarasey","POR","2015","3199","120","36","80","10.8%","29.18","6.82","1.23"
"","Evan Bush","MTL","2017","3018","136","49","84","12.5%","42.17","6.83","1.16"
"","Dan Kennedy","CHV","2013","2980","169","56","104","13.6%","49.17","6.83","1.14"
"","Jonathan Bond","LAG","2023","2275","123","44","78","13.0%","37.05","6.95","1.19"
"","Evan Bush","MTL","2019","3157","144","58","84","13.2%","50.81","7.19","1.14"
"","Rafael Romo","DCU","2022","1341","82","32","49","17.1%","24.04","7.96","1.33"
"","Jonathan Bond","LAG","2022","3396","146","51","90","13.7%","42.69","8.31","1.19"
"","Sebastian Breza","MTL","2022","2295","88","37","49","17.1%","28.53","8.47","1.30"
"","Joe Bendik","ORL","2018","2424","142","56","84","11.3%","47.51","8.49","1.18"
"","Andrew Tarbell","SJE","2018","2839","152","60","87","14.5%","51.33","8.67","1.17"
"","Cody Cropper","NER","2017","2717","124","50","71","14.5%","41.08","8.92","1.22"
"","William Yarbrough","COL","2022","3336","159","54","99","13.8%","44.57","9.43","1.21"
"","Dan Kennedy","CHV","2014","3187","155","57","93","18.1%","46.90","10.10","1.22"
"","JT Marcinkowski","SJE","2022","3181","182","66","111","11.5%","55.67","10.33","1.19"
"","Andre Blake","PHI","2019","2537","103","40","59","14.6%","29.62","10.38","1.35"