,Player_ID,Season,Player,TeamID,Minutes,Shots Faced,Goals Conceded,Saves
0,Đorđe-Petrović-2022-1,2022,Đorđe-Petrović,NER2022,2065,111,26,84
1,Tim-Melia-2017-1,2017,Tim-Melia,SKC2017,2994,116,23,91
2,Andre-Blake-2022-1,2022,Andre-Blake,PHI2022,3394,130,26,100
3,Bill-Hamid-2014-1,2014,Bill-Hamid,DCU2014,2921,146,34,110
4,Matt-Turner-2019-1,2019,Matt-Turner,NER2019,1938,116,27,87
5,Matt-Turner-2020-1,2020,Matt-Turner,NER2020,2163,90,22,68
6,Roman-Bürki-2023-1,2023,Roman-Bürki,STL2023,3296,165,40,123
7,Stefan-Frei-2018-1,2018,Stefan-Frei,SEA2018,3241,150,33,114
8,Luis-Robles-2013-1,2013,Luis-Robles,NYRB2013,3320,147,39,103
9,Steve-Clark-2019-1,2019,Steve-Clark,POR2019,2410,109,24,84
10,Andre-Blake-2021-1,2021,Andre-Blake,PHI2021,2585,98,22,76
11,Nick-Rimando-2015-1,2015,Nick-Rimando,RSL2015,2343,93,23,66
12,Nick-Rimando-2013-1,2013,Nick-Rimando,RSL2013,2626,112,28,82
13,Matt-Turner-2021-1,2021,Matt-Turner,NER2021,2752,138,34,101
14,David-Ousted-2015-1,2015,David-Ousted,VAN2015,3313,138,36,99
15,Steve-Clark-2014-1,2014,Steve-Clark,CLB2014,3304,153,40,111
16,Daniel-2023-1,2023,Daniel,SJE2023,2168,114,28,84
17,Stefan-Frei-2015-1,2015,Stefan-Frei,SEA2015,2952,144,33,111
18,Aljaz-Ivacic-2022-1,2022,Aljaz-Ivacic,POR2022,3208,163,48,112
19,Nick-Rimando-2014-1,2014,Nick-Rimando,RSL2014,2344,97,25,71
20,Evan-Bush-2018-1,2018,Evan-Bush,MTL2018,3321,184,50,132
21,JT-Marcinkowski-2021-1,2021,JT-Marcinkowski,SJE2021,3292,186,50,129
22,Donovan-Ricketts-2013-1,2013,Donovan-Ricketts,POR2013,3126,126,31,92
23,Bill-Hamid-2015-1,2015,Bill-Hamid,DCU2015,2421,133,29,101
24,Maxime-Crépeau-2021-1,2021,Maxime-Crépeau,VAN2021,2684,126,29,97
25,Jeff-Attinella-2014-1,2014,Jeff-Attinella,RSL2014,981,60,14,45
26,Bobby-Shuttleworth-2014-1,2014,Bobby-Shuttleworth,NER2014,3110,141,39,94
27,Đorđe-Petrović-2023-1,2023,Đorđe-Petrović,NER2023,2186,126,26,98
28,Tim-Melia-2015-1,2015,Tim-Melia,SKC2015,2233,113,28,82
29,Tyler-Deric-2016-1,2016,Tyler-Deric,HOU2016,827,37,6,31
30,Matt-Turner-2018-1,2018,Matt-Turner,NER2018,2642,126,40,83
31,Luis-Robles-2018-1,2018,Luis-Robles,NYRB2018,3046,115,29,84
32,Brad-Stuver-2022-1,2022,Brad-Stuver,ATX2022,3004,140,41,98
33,Sean-Johnson-2014-1,2014,Sean-Johnson,CHI2014,3211,149,48,96
34,Stefan-Frei-2019-1,2019,Stefan-Frei,SEA2019,3371,165,47,116
35,Sean-Johnson-2020-1,2020,Sean-Johnson,NYC2020,2287,107,25,81
36,Tally-Hall-2013-1,2013,Tally-Hall,HOU2013,3306,141,39,95
37,Jon-Busch-2014-1,2014,Jon-Busch,SJE2014,3308,191,49,137
38,Brad-Guzan-2017-1,2017,Brad-Guzan,ATL2017,1358,47,9,38
39,Andre-Blake-2023-1,2023,Andre-Blake,PHI2023,2663,101,26,73
40,Alex-Bono-2020-1,2020,Alex-Bono,TOR2020,295,16,0,16
41,Andre-Blake-2015-1,2015,Andre-Blake,PHI2015,572,34,8,26
42,Tim-Melia-2018-1,2018,Tim-Melia,SKC2018,3363,148,39,106
43,Josh-Saunders-2015-1,2015,Josh-Saunders,NYC2015,3207,188,57,123
44,Eloy-Room-2022-1,2022,Eloy-Room,CLB2022,3398,146,39,103
45,Luis-Robles-2014-1,2014,Luis-Robles,NYRB2014,3315,171,50,111
46,Tim-Melia-2016-1,2016,Tim-Melia,SKC2016,2642,95,27,66
47,Clément-Diop-2020-1,2020,Clément-Diop,MTL2020,1984,110,35,73
48,Jaime-Penedo-2014-1,2014,Jaime-Penedo,LAG2014,2806,114,31,81
49,Tim-Howard-2016-1,2016,Tim-Howard,COL2016,1652,73,19,54
50,Bill-Hamid-2013-1,2013,Bill-Hamid,DCU2013,2420,119,37,80
51,Brad-Stuver-2023-1,2023,Brad-Stuver,ATX2023,3418,184,54,129
52,Bill-Hamid-2019-1,2019,Bill-Hamid,DCU2019,3293,168,36,126
53,Tyler-Deric-2014-1,2014,Tyler-Deric,HOU2014,1000,53,14,36
54,Luis-Robles-2017-1,2017,Luis-Robles,NYRB2017,3332,149,46,99
55,Donovan-Ricketts-2014-1,2014,Donovan-Ricketts,POR2014,3107,150,41,105
56,Maarten-Paes-2022-1,2022,Maarten-Paes,FCD2022,3189,130,34,91
57,Brad-Guzan-2021-1,2021,Brad-Guzan,ATL2021,2860,127,29,98
58,Carlos-Coronel-2021-1,2021,Carlos-Coronel,NYRB2021,3398,121,33,87
59,Andre-Blake-2020-1,2020,Andre-Blake,PHI2020,2079,81,18,63
60,David-Bingham-2015-1,2015,David-Bingham,SJE2015,3310,147,38,105
61,Steve-Clark-2021-1,2021,Steve-Clark,POR2021,2319,124,30,88
62,Chris-Seitz-2016-1,2016,Chris-Seitz,FCD2016,2729,95,28,63
63,Jeff-Attinella-2015-1,2015,Jeff-Attinella,RSL2015,975,64,24,40
64,David-Bingham-2016-1,2016,David-Bingham,SJE2016,3252,146,37,106
65,Tyler-Miller-2019-1,2019,Tyler-Miller,LAFC2019,2778,103,26,72
66,Brian-Rowe-2016-1,2016,Brian-Rowe,LAG2016,2993,148,32,113
67,Dayne-St.-Clair-2022-1,2022,Dayne-St.-Clair,MIN2022,3094,155,44,109
68,Dayne-St.-Clair-2020-1,2020,Dayne-St.-Clair,MIN2020,1270,63,12,48
69,Raúl-Fernández-2013-1,2013,Raúl-Fernández,FCD2013,2547,129,38,88
70,Raúl-Fernández-2014-1,2014,Raúl-Fernández,FCD2014,1988,95,24,66
71,Andy-Gruenebaum-2014-1,2014,Andy-Gruenebaum,SKC2014,1019,45,10,34
72,JT-Marcinkowski-2023-1,2023,JT-Marcinkowski,SJE2023,1252,54,15,38
73,Alex-Bono-2017-1,2017,Alex-Bono,TOR2017,2760,104,32,72
74,Stefan-Frei-2022-1,2022,Stefan-Frei,SEA2022,2679,123,38,85
75,Alec-Kann-2021-1,2021,Alec-Kann,ATL2021,495,31,8,23
76,Sean-Johnson-2015-1,2015,Sean-Johnson,CHI2015,2032,90,31,59
77,Kristijan-Kahlina-2023-1,2023,Kristijan-Kahlina,CLT2023,2425,111,32,78
78,Bill-Hamid-2017-1,2017,Bill-Hamid,DCU2017,2325,132,32,98
79,Stefan-Frei-2023-1,2023,Stefan-Frei,SEA2023,3188,105,26,77
80,Andrew-Dykstra-2015-1,2015,Andrew-Dykstra,DCU2015,841,57,16,40
81,Matt-Reis-2013-1,2013,Matt-Reis,NER2013,1086,37,7,29
82,Logan-Ketterer-2021-1,2021,Logan-Ketterer,POR2021,297,12,3,9
83,Alec-Kann-2017-1,2017,Alec-Kann,ATL2017,1750,83,23,56
84,Carlos-Coronel-2019-1,2019,Carlos-Coronel,PHI2019,351,11,2,9
85,Steve-Clark-2016-1,2016,Steve-Clark,CLB2016,3101,161,48,112
86,Jeff-Attinella-2018-1,2018,Jeff-Attinella,POR2018,2128,85,21,64
87,Brian-Rowe-2020-1,2020,Brian-Rowe,ORL2020,401,21,5,16
88,Roman-Celentano-2023-1,2023,Roman-Celentano,CIN2023,3332,122,35,86
89,David-Bingham-2019-1,2019,David-Bingham,LAG2019,3257,195,52,141
90,John-McCarthy-2018-1,2018,John-McCarthy,PHI2018,97,6,0,6
91,Travis-Worra-2016-1,2016,Travis-Worra,DCU2016,1251,52,18,34
92,Nick-Rimando-2017-1,2017,Nick-Rimando,RSL2017,2685,110,33,73
93,Andy-Gruenebaum-2013-1,2013,Andy-Gruenebaum,CLB2013,2047,100,28,71
94,Nick-Rimando-2016-1,2016,Nick-Rimando,RSL2016,2925,137,39,91
95,Alex-Bono-2023-1,2023,Alex-Bono,DCU2023,964,39,11,28
96,Brad-Knighton-2013-1,2013,Brad-Knighton,VAN2013,1073,50,14,35
97,Joe-Willis-2020-1,2020,Joe-Willis,NSH2020,2232,92,22,69
98,Stefan-Cleveland-2022-1,2022,Stefan-Cleveland,SEA2022,679,37,8,28
99,Zac-MacMath-2013-1,2013,Zac-MacMath,PHI2013,3324,147,43,101
100,Ryan-Meara-2020-1,2020,Ryan-Meara,NYRB2020,1234,55,16,39
101,Andre-Blake-2017-1,2017,Andre-Blake,PHI2017,2518,125,34,88
102,Tyler-Deric-2015-1,2015,Tyler-Deric,HOU2015,3017,139,42,89
103,Joe-Bendik-2017-1,2017,Joe-Bendik,ORL2017,3218,173,50,118
104,Andre-Blake-2014-1,2014,Andre-Blake,PHI2014,95,8,1,7
105,Bill-Hamid-2018-1,2018,Bill-Hamid,DCU2018,1372,63,12,51
106,Clément-Diop-2016-1,2016,Clément-Diop,LAG2016,193,15,3,11
107,David-Ousted-2016-1,2016,David-Ousted,VAN2016,3209,163,52,107
108,Jimmy-Maurer-2020-1,2020,Jimmy-Maurer,FCD2020,1520,68,13,54
109,Maarten-Paes-2023-1,2023,Maarten-Paes,FCD2023,2916,121,25,94
110,Eloy-Room-2020-1,2020,Eloy-Room,CLB2020,1654,57,15,41
111,Drake-Callender-2022-1,2022,Drake-Callender,MIA2022,2392,116,36,78
112,Adrián-Zendejas-2019-1,2019,Adrián-Zendejas,SKC2019,99,4,1,3
113,Tim-Melia-2023-1,2023,Tim-Melia,SKC2023,1576,69,24,44
114,Stefan-Frei-2017-1,2017,Stefan-Frei,SEA2017,3187,121,36,84
115,Brad-Knighton-2016-1,2016,Brad-Knighton,NER2016,1242,49,16,31
116,Clément-Diop-2021-1,2021,Clément-Diop,MTL2021,799,32,9,23
117,Steve-Clark-2022-1,2022,Steve-Clark,HOU2022,3237,153,46,104
118,Nick-Rimando-2018-1,2018,Nick-Rimando,RSL2018,3202,165,56,103
119,Jaime-Penedo-2015-1,2015,Jaime-Penedo,LAG2015,1550,69,19,50
120,Andrew-Putna-2019-1,2019,Andrew-Putna,RSL2019,493,19,6,12
121,Daniel-Vega-2019-1,2019,Daniel-Vega,SJE2019,3372,164,53,108
122,Stefan-Frei-2020-1,2020,Stefan-Frei,SEA2020,2175,83,22,60
123,Clint-Irwin-2019-1,2019,Clint-Irwin,COL2019,997,58,15,42
124,Eric-Kronberg-2014-1,2014,Eric-Kronberg,SKC2014,1959,73,22,45
125,Evan-Bush-2015-1,2015,Evan-Bush,MTL2015,3006,142,39,99
126,Richard-Sánchez-2017-1,2017,Richard-Sánchez,CHI2017,194,15,4,11
127,Matt-Lampson-2013-1,2013,Matt-Lampson,CLB2013,1264,63,18,43
128,Joe-Nasco-2014-1,2014,Joe-Nasco,COL2014,290,19,6,13
129,Zac-MacMath-2019-1,2019,Zac-MacMath,VAN2019,797,52,11,37
130,Chris-Seitz-2013-1,2013,Chris-Seitz,FCD2013,774,36,11,24
131,Jeff-Attinella-2020-1,2020,Jeff-Attinella,POR2020,96,7,3,4
132,Bill-Hamid-2016-1,2016,Bill-Hamid,DCU2016,1937,93,25,68
133,Matt-Lampson-2016-1,2016,Matt-Lampson,CHI2016,1062,76,18,55
134,Quentin-Westberg-2020-1,2020,Quentin-Westberg,TOR2020,1964,75,25,48
135,Andrew-Weber-2013-1,2013,Andrew-Weber,SEA2013,247,8,3,5
136,Gabriel-Slonina-2021-1,2021,Gabriel-Slonina,CHI2021,1062,60,15,45
137,Jon-Busch-2013-1,2013,Jon-Busch,SJE2013,3224,142,41,101
138,Zac-MacMath-2023-1,2023,Zac-MacMath,RSL2023,2746,121,35,83
139,Stefan-Frei-2016-1,2016,Stefan-Frei,SEA2016,3181,137,41,91
140,Chris-Brady-2022-1,2022,Chris-Brady,CHI2022,95,5,1,4
141,Jeff-Attinella-2017-1,2017,Jeff-Attinella,POR2017,1347,64,19,45
142,Joe-Willis-2018-1,2018,Joe-Willis,HOU2018,2590,124,40,82
143,Evan-Bush-2013-1,2013,Evan-Bush,MTL2013,97,7,1,6
144,Josh-Ford-2015-1,2015,Josh-Ford,ORL2015,106,6,1,5
145,Jacob-Jackson-2023-1,2023,Jacob-Jackson,NER2023,196,13,4,9
146,Clint-Irwin-2017-1,2017,Clint-Irwin,TOR2017,530,18,5,13
147,James-Pantemis-2022-1,2022,James-Pantemis,MTL2022,1104,38,11,26
148,Pedro-Gallese-2021-1,2021,Pedro-Gallese,ORL2021,2200,99,29,67
149,Isaac-Boehmer-2022-1,2022,Isaac-Boehmer,VAN2022,245,12,4,8
150,Cody-Cropper-2016-1,2016,Cody-Cropper,NER2016,95,2,0,2
151,Eric-Kronberg-2015-1,2015,Eric-Kronberg,MTL2015,293,11,5,6
152,Luka-Gavran-2023-1,2023,Luka-Gavran,TOR2023,398,32,12,20
153,Troy-Perkins-2015-1,2015,Troy-Perkins,SEA2015,341,15,3,12
154,Brad-Stuver-2021-1,2021,Brad-Stuver,ATX2021,3277,191,52,136
155,Luis-Robles-2016-1,2016,Luis-Robles,NYRB2016,3342,143,43,100
156,Joe-Bendik-2021-1,2021,Joe-Bendik,PHI2021,238,8,3,5
157,Jesse-Gonzalez-2015-1,2015,Jesse-Gonzalez,FCD2015,1069,47,10,37
158,Bobby-Shuttleworth-2020-1,2020,Bobby-Shuttleworth,CHI2020,1672,81,27,53
159,Max-Anchor-2022-1,2022,Max-Anchor,VAN2022,101,6,2,4
160,Patrick-McLain-2018-1,2018,Patrick-McLain,CHI2018,428,20,5,13
161,Sean-Johnson-2013-1,2013,Sean-Johnson,CHI2013,2719,132,38,93
162,Jon-Kempin-2017-1,2017,Jon-Kempin,LAG2017,614,40,13,27
163,Brian-Rowe-2014-1,2014,Brian-Rowe,LAG2014,290,13,3,10
164,Eloy-Room-2019-1,2019,Eloy-Room,CLB2019,1199,47,14,33
165,George-Marks-2023-1,2023,George-Marks,CLT2023,712,41,12,29
166,Alex-Bono-2022-1,2022,Alex-Bono,TOR2022,2449,126,41,84
167,Matt-Bersano-2022-1,2022,Matt-Bersano,SJE2022,151,10,3,6
168,Joe-Willis-2016-1,2016,Joe-Willis,HOU2016,2466,129,39,89
169,Jake-Gleeson-2016-1,2016,Jake-Gleeson,POR2016,2692,153,39,111
170,Spencer-Richey-2021-1,2021,Spencer-Richey,SEA2021,196,5,0,5
171,Steward-Ceus-2013-1,2013,Steward-Ceus,COL2013,100,6,1,5
172,William-Yarbrough-2021-1,2021,William-Yarbrough,COL2021,3271,142,31,106
173,John-McCarthy-2022-1,2022,John-McCarthy,LAFC2022,101,6,2,4
174,Andrew-Tarbell-2016-1,2016,Andrew-Tarbell,SJE2016,56,2,1,1
175,Brad-Knighton-2018-1,2018,Brad-Knighton,NER2018,684,46,12,33
176,Paolo-Tornaghi-2016-1,2016,Paolo-Tornaghi,VAN2016,95,6,0,6
177,Stefan-Frei-2021-1,2021,Stefan-Frei,SEA2021,1661,62,15,44
178,Andrew-Putna-2018-1,2018,Andrew-Putna,RSL2018,156,7,1,6
179,Andrew-Weber-2014-1,2014,Andrew-Weber,POR2014,174,14,7,7
180,David-Bingham-2013-1,2013,David-Bingham,SJE2013,96,8,1,7
181,Mason-Stajduhar-2022-1,2022,Mason-Stajduhar,ORL2022,195,14,5,9
182,Joe-Cannon-2013-1,2013,Joe-Cannon,VAN2013,974,42,11,31
183,Bobby-Edwards-2020-1,2020,Bobby-Edwards,CIN2020,199,6,3,3
184,Alex-Roldan-2021-1,2021,Alex-Roldan,SEA2021,5,1,0,1
185,Brian-Rowe-2013-1,2013,Brian-Rowe,LAG2013,387,19,4,14
186,Elliot-Panicco-2023-1,2023,Elliot-Panicco,NSH2023,198,9,1,8
187,David-Ousted-2019-1,2019,David-Ousted,CHI2019,1373,56,20,34
188,Jalil-Anibaba-2016-1,2016,Jalil-Anibaba,HOU2016,14,2,0,2
189,Carlos-Joaquim-dos-Santos-2023-1,2023,Carlos-Joaquim-dos-Santos,MIA2023,97,4,1,3
190,Eirik-Holmen-Johansen-2016-1,2016,Eirik-Holmen-Johansen,NYC2016,97,6,1,5
191,Matt-Freese-2023-1,2023,Matt-Freese,NYC2023,1003,37,8,29
192,Maxime-Crépeau-2023-1,2023,Maxime-Crépeau,LAFC2023,702,17,6,11
193,Patrick-McLain-2013-1,2013,Patrick-McLain,CHV2013,134,7,3,4
194,Stefan-Frei-2013-1,2013,Stefan-Frei,TOR2013,95,3,1,2
195,Spencer-Richey-2022-1,2022,Spencer-Richey,CHI2022,103,4,2,2
196,Clément-Diop-2019-1,2019,Clément-Diop,MTL2019,197,7,1,6
197,Andrew-Tarbell-2023-1,2023,Andrew-Tarbell,HOU2023,100,4,0,4
198,Zack-Steffen-2019-1,2019,Zack-Steffen,CLB2019,1283,56,17,39
199,Tyler-Miller-2017-1,2017,Tyler-Miller,SEA2017,97,8,3,5
200,Marcus-Hahnemann-2013-1,2013,Marcus-Hahnemann,SEA2013,391,10,4,6
201,Ryan-Meara-2019-1,2019,Ryan-Meara,NYRB2019,101,5,1,4
202,Jeff-Attinella-2021-1,2021,Jeff-Attinella,POR2021,185,5,1,4
203,John-McCarthy-2016-1,2016,John-McCarthy,PHI2016,96,5,2,3
204,Ryan-Meara-2015-1,2015,Ryan-Meara,NYC2015,97,7,1,6
205,Alec-Kann-2015-1,2015,Alec-Kann,CHI2015,96,8,2,6
206,James-Pantemis-2020-1,2020,James-Pantemis,MTL2020,294,24,7,17
207,Phelipe-2020-1,2020,Phelipe,FCD2020,98,9,3,6
208,Thomas-Hasal-2023-1,2023,Thomas-Hasal,VAN2023,101,7,2,5
209,Dan-Kennedy-2016-1,2016,Dan-Kennedy,LAG2016,129,7,3,4
210,Greg-Ranjitsingh-2019-1,2019,Greg-Ranjitsingh,ORL2019,204,7,3,4
211,Patrick-McLain-2016-1,2016,Patrick-McLain,CHI2016,98,6,3,3
212,Tyler-Deric-2017-1,2017,Tyler-Deric,HOU2017,2546,109,30,76
213,David-Jensen-2020-1,2020,David-Jensen,NYRB2020,1022,41,14,25
214,Michael-Gspurning-2013-1,2013,Michael-Gspurning,SEA2013,2680,114,35,76
215,Matt-Freese-2020-1,2020,Matt-Freese,PHI2020,101,1,0,1
216,Matt-Freese-2019-1,2019,Matt-Freese,PHI2019,480,23,7,13
217,Jeff-Attinella-2016-1,2016,Jeff-Attinella,RSL2016,395,13,5,8
218,Alec-Kann-2018-1,2018,Alec-Kann,ATL2018,98,6,1,5
219,Ryan-Meara-2018-1,2018,Ryan-Meara,NYRB2018,300,16,3,12
220,Tim-Melia-2021-1,2021,Tim-Melia,SKC2021,2777,100,33,67
221,David-Bingham-2017-1,2017,David-Bingham,SJE2017,2211,94,33,58
222,Travis-Worra-2015-1,2015,Travis-Worra,DCU2015,39,1,0,1
223,Ryan-Hollingshead-2016-1,2016,Ryan-Hollingshead,FCD2016,7,1,0,1
224,Kyle-Reynish-2014-1,2014,Kyle-Reynish,CHI2014,96,4,2,2
225,Jesse-Gonzalez-2019-1,2019,Jesse-Gonzalez,FCD2019,3200,128,42,84
226,José-Gonçalves-2016-1,2016,José-Gonçalves,NER2016,0,0,0,0
227,Justin-Rasmussen-2023-1,2023,Justin-Rasmussen,POR2023,1,0,0,0
228,Stefan-Cleveland-2018-1,2018,Stefan-Cleveland,CHI2018,487,33,8,25
229,Bobby-Shuttleworth-2017-1,2017,Bobby-Shuttleworth,MIN2017,3080,174,57,116
230,Trevor-Spangenberg-2014-1,2014,Trevor-Spangenberg,CHV2014,25,2,1,1
231,Matt-Lampson-2019-1,2019,Matt-Lampson,LAG2019,98,7,4,3
232,Gabriel-Slonina-2022-1,2022,Gabriel-Slonina,CHI2022,3181,126,44,80
233,JT-Marcinkowski-2018-1,2018,JT-Marcinkowski,SJE2018,487,32,11,20
234,Aljaz-Ivacic-2021-1,2021,Aljaz-Ivacic,POR2021,464,32,12,20
235,Josh-Saunders-2013-1,2013,Josh-Saunders,RSL2013,253,18,4,13
236,Zac-MacMath-2020-1,2020,Zac-MacMath,RSL2020,588,21,7,14
237,Jimmy-Maurer-2019-1,2019,Jimmy-Maurer,FCD2019,199,12,4,8
238,Marko-Maric-2020-1,2020,Marko-Maric,HOU2020,2270,122,39,79
239,Maxime-Crépeau-2020-1,2020,Maxime-Crépeau,VAN2020,367,22,10,12
240,Tomás-Romero-2023-1,2023,Tomás-Romero,TOR2023,601,35,12,23
241,Alex-Bono-2019-1,2019,Alex-Bono,TOR2019,609,28,11,16
242,William-Yarbrough-2020-1,2020,William-Yarbrough,COL2020,1384,69,19,48
243,Alex-Tambakis-2017-1,2017,Alex-Tambakis,ATL2017,36,3,2,1
244,Joe-Willis-2023-1,2023,Joe-Willis,NSH2023,3210,130,30,98
245,Chris-Seitz-2019-1,2019,Chris-Seitz,DCU2019,98,3,1,2
246,David-Bingham-2022-1,2022,David-Bingham,POR2022,197,13,3,10
247,Stefan-Cleveland-2023-1,2023,Stefan-Cleveland,SEA2023,203,8,4,4
248,Abraham-Rodriguez-2023-1,2023,Abraham-Rodriguez,COL2023,100,5,1,4
249,Brad-Knighton-2022-1,2022,Brad-Knighton,NER2022,398,20,7,13
250,Adam-Grinwis-2018-1,2018,Adam-Grinwis,ORL2018,486,20,6,14
251,Vito-Mannone-2019-1,2019,Vito-Mannone,MIN2019,3356,175,43,129
252,Joe-Bendik-2016-1,2016,Joe-Bendik,ORL2016,3331,178,59,114
253,Brad-Knighton-2020-1,2020,Brad-Knighton,NER2020,97,6,1,5
254,Brad-Knighton-2017-1,2017,Brad-Knighton,NER2017,584,31,11,20
255,Sean-Johnson-2021-1,2021,Sean-Johnson,NYC2021,2861,115,30,84
256,Jon-Kempin-2015-1,2015,Jon-Kempin,SKC2015,288,11,5,6
257,Bryan-Meredith-2020-1,2020,Bryan-Meredith,VAN2020,292,27,7,20
258,Joe-Willis-2021-1,2021,Joe-Willis,NSH2021,3336,132,31,100
259,Andrew-Dykstra-2014-1,2014,Andrew-Dykstra,DCU2014,391,9,3,6
260,Connor-Sparrow-2020-1,2020,Connor-Sparrow,CHI2020,98,7,3,4
261,Tyler-Miller-2016-1,2016,Tyler-Miller,SEA2016,98,4,2,2
262,Brad-Stuver-2019-1,2019,Brad-Stuver,NYC2019,507,14,4,10
263,Zac-MacMath-2014-1,2014,Zac-MacMath,PHI2014,2822,125,44,77
264,Andre-Blake-2018-1,2018,Andre-Blake,PHI2018,3217,169,49,117
265,Patrick-Schulte-2023-1,2023,Patrick-Schulte,CLB2023,3132,135,42,90
266,Tyler-Miller-2021-1,2021,Tyler-Miller,MIN2021,2958,134,32,101
267,Evan-Bush-2016-1,2016,Evan-Bush,MTL2016,3166,155,50,101
268,Elliot-Panicco-2022-1,2022,Elliot-Panicco,NSH2022,194,10,3,7
269,Jesse-Gonzalez-2020-1,2020,Jesse-Gonzalez,FCD2020,200,5,2,3
270,Evan-Bush-2014-1,2014,Evan-Bush,MTL2014,1262,79,23,52
271,Earl-Edwards-Jr.-2018-1,2018,Earl-Edwards-Jr.,ORL2018,428,26,10,15
272,Pedro-Gallese-2020-1,2020,Pedro-Gallese,ORL2020,1903,72,19,53
273,Chris-Seitz-2017-1,2017,Chris-Seitz,FCD2017,486,20,8,12
274,Brian-Sylvestre-2015-1,2015,Brian-Sylvestre,PHI2015,1157,51,19,31
275,Bobby-Shuttleworth-2015-1,2015,Bobby-Shuttleworth,NER2015,3008,125,41,78
276,Zack-Steffen-2017-1,2017,Zack-Steffen,CLB2017,3303,150,49,98
277,Luis-Barraza-2021-1,2021,Luis-Barraza,NYC2021,505,12,5,7
278,Daniel-Vega-2021-1,2021,Daniel-Vega,SJE2021,99,1,1,0
279,Tyler-Miller-2022-1,2022,Tyler-Miller,MIN2022,245,11,3,8
280,Jimmy-Maurer-2022-1,2022,Jimmy-Maurer,FCD2022,203,8,3,5
281,Brian-Perk-2014-1,2014,Brian-Perk,LAG2014,193,3,1,2
282,Jamal-Blackman-2021-1,2021,Jamal-Blackman,LAFC2021,812,35,13,21
283,Kyle-Reynish-2017-1,2017,Kyle-Reynish,ATL2017,162,5,3,2
284,Marko-Maric-2021-1,2021,Marko-Maric,HOU2021,2188,104,32,68
285,Pablo-Sisniega-2019-1,2019,Pablo-Sisniega,LAFC2019,580,26,8,17
286,Chris-Brady-2023-1,2023,Chris-Brady,CHI2023,2933,138,42,92
287,Stefan-Cleveland-2021-1,2021,Stefan-Cleveland,SEA2021,1494,47,17,29
288,Sean-Johnson-2018-1,2018,Sean-Johnson,NYC2018,3123,141,40,100
289,Milos-Kocic-2013-1,2013,Milos-Kocic,POR2013,195,10,2,7
290,Clément-Diop-2023-1,2023,Clément-Diop,ATL2023,157,7,4,3
291,Eloy-Room-2023-1,2023,Eloy-Room,CLB2023,304,10,3,7
292,Andrew-Dykstra-2016-1,2016,Andrew-Dykstra,DCU2016,101,7,4,3
293,Tyler-Miller-2020-1,2020,Tyler-Miller,MIN2020,499,19,6,13
294,Sean-Johnson-2019-1,2019,Sean-Johnson,NYC2019,2892,116,35,78
295,Steve-Clark-2018-1,2018,Steve-Clark,,936,61,17,44
296,Nick-Marsman-2021-1,2021,Nick-Marsman,MIA2021,2111,101,31,68
297,Luis-López-2018-1,2018,Luis-López,LAFC2018,97,5,2,3
298,Eldin-Jakupovic-2023-1,2023,Eldin-Jakupovic,LAFC2023,201,7,1,6
299,Jonathan-Klinsmann-2021-1,2021,Jonathan-Klinsmann,LAG2021,293,11,4,7
300,Raúl-Gudiño-2022-1,2022,Raúl-Gudiño,ATL2022,555,17,7,7
301,Chris-Seitz-2014-1,2014,Chris-Seitz,FCD2014,1302,65,18,42
302,Jeff-Attinella-2013-1,2013,Jeff-Attinella,RSL2013,447,24,9,14
303,Stefan-Marinovic-2017-1,2017,Stefan-Marinovic,VAN2017,493,27,5,21
304,Zac-MacMath-2017-1,2017,Zac-MacMath,COL2017,872,40,12,27
305,Sean-Johnson-2017-1,2017,Sean-Johnson,NYC2017,3104,137,39,96
306,JT-Marcinkowski-2020-1,2020,JT-Marcinkowski,SJE2020,1069,39,13,25
307,Spencer-Richey-2017-1,2017,Spencer-Richey,VAN2017,95,3,2,1
308,Andrew-Dykstra-2017-1,2017,Andrew-Dykstra,SKC2017,333,14,4,10
309,Steve-Clark-2020-1,2020,Steve-Clark,POR2020,1978,94,29,64
310,David-Ochoa-2020-1,2020,David-Ochoa,RSL2020,95,6,2,4
311,Brian-Rowe-2019-1,2019,Brian-Rowe,ORL2019,3188,160,47,110
312,Kendall-McIntosh-2022-1,2022,Kendall-McIntosh,SKC2022,190,10,2,8
313,Abraham-Rodriguez-2022-1,2022,Abraham-Rodriguez,COL2022,51,5,3,2
314,Bryan-Meredith-2018-1,2018,Bryan-Meredith,SEA2018,97,6,3,3
315,Eirik-Holmen-Johansen-2017-1,2017,Eirik-Holmen-Johansen,NYC2017,196,7,4,3
316,Andrew-Weber-2015-1,2015,Andrew-Weber,POR2015,95,7,3,4
317,Eloy-Room-2021-1,2021,Eloy-Room,CLB2021,2983,125,39,83
318,John-Pulskamp-2023-1,2023,John-Pulskamp,SKC2023,495,20,7,13
319,Rais-M'bolhi-2015-1,2015,Rais-M'bolhi,PHI2015,494,20,9,10
320,Rais-M'bolhi-2014-1,2014,Rais-M'bolhi,PHI2014,385,13,4,7
321,Earl-Edwards-Jr.-2022-1,2022,Earl-Edwards-Jr.,NER2022,399,17,8,9
322,Joe-Willis-2015-1,2015,Joe-Willis,HOU2015,288,10,5,5
323,Maxime-Crépeau-2019-1,2019,Maxime-Crépeau,VAN2019,2563,159,44,114
324,Chris-Konopka-2015-1,2015,Chris-Konopka,TOR2015,2032,92,29,62
325,Pablo-Sisniega-2022-1,2022,Pablo-Sisniega,CLT2022,196,9,2,7
326,Brad-Knighton-2021-1,2021,Brad-Knighton,NER2021,589,28,6,22
327,Julio-César-2014-1,2014,Julio-César,TOR2014,681,27,9,18
328,Andrew-Tarbell-2020-1,2020,Andrew-Tarbell,CLB2020,622,24,6,17
329,Alec-Kann-2016-1,2016,Alec-Kann,SKC2016,683,28,11,17
330,Kyle-Morton-2021-1,2021,Kyle-Morton,HOU2021,94,6,2,4
331,Jeff-Attinella-2019-1,2019,Jeff-Attinella,POR2019,998,64,24,40
332,Steve-Clark-2023-1,2023,Steve-Clark,HOU2023,3335,123,37,84
333,William-Yarbrough-2023-1,2023,William-Yarbrough,COL2023,1997,91,25,65
334,Jon-Kempin-2014-1,2014,Jon-Kempin,SKC2014,345,13,7,5
335,Ryan-Meara-2022-1,2022,Ryan-Meara,NYRB2022,102,5,2,2
336,Pedro-Gallese-2023-1,2023,Pedro-Gallese,ORL2023,3031,112,32,78
337,Matt-Pickens-2013-1,2013,Matt-Pickens,COL2013,105,4,2,2
338,Paul-Christensen-2018-1,2018,Paul-Christensen,ATL2018,61,3,2,1
339,Jimmy-Maurer-2018-1,2018,Jimmy-Maurer,FCD2018,1285,47,15,32
340,Paolo-Tornaghi-2017-1,2017,Paolo-Tornaghi,VAN2017,72,7,3,4
341,Jesse-Gonzalez-2018-1,2018,Jesse-Gonzalez,FCD2018,2079,92,28,63
342,Evan-Bush-2020-1,2020,Evan-Bush,VAN2020,792,32,10,22
343,Clint-Irwin-2023-1,2023,Clint-Irwin,MIN2023,405,22,8,14
344,Zac-MacMath-2021-1,2021,Zac-MacMath,RSL2021,646,20,6,14
345,Brad-Knighton-2015-1,2015,Brad-Knighton,NER2015,293,16,6,9
346,Joe-Bendik-2020-1,2020,Joe-Bendik,PHI2020,105,3,2,1
347,Mason-Stajduhar-2021-1,2021,Mason-Stajduhar,ORL2021,500,16,5,10
348,George-Marks-2022-1,2022,George-Marks,CLT2022,102,3,2,1
349,Pablo-Sisniega-2023-1,2023,Pablo-Sisniega,CLT2023,299,15,6,9
350,Aljaz-Ivacic-2020-1,2020,Aljaz-Ivacic,POR2020,193,8,3,5
351,Phelipe-2021-1,2021,Phelipe,FCD2021,1035,57,19,36
352,Clint-Irwin-2015-1,2015,Clint-Irwin,COL2015,3021,125,37,88
353,Brad-Stuver-2016-1,2016,Brad-Stuver,CLB2016,194,15,7,8
354,Chris-Seitz-2020-1,2020,Chris-Seitz,DCU2020,591,32,9,22
355,Earl-Edwards-Jr.-2023-1,2023,Earl-Edwards-Jr.,NER2023,983,46,15,30
356,Jaime-Penedo-2013-1,2013,Jaime-Penedo,LAG2013,868,31,7,24
357,Alec-Kann-2023-1,2023,Alec-Kann,CIN2023,104,5,2,3
358,Michael-Nelson-2022-1,2022,Michael-Nelson,HOU2022,169,13,8,5
359,Carlos-Coronel-2023-1,2023,Carlos-Coronel,NYRB2023,3442,93,37,55
360,Quentin-Westberg-2023-1,2023,Quentin-Westberg,ATL2023,550,19,9,10
361,Steve-Clark-2017-1,2017,Steve-Clark,DCU2017,481,27,11,13
362,Dan-Kennedy-2015-1,2015,Dan-Kennedy,FCD2015,1549,49,18,31
363,Brad-Knighton-2014-1,2014,Brad-Knighton,NER2014,196,12,6,6
364,David-Ousted-2013-1,2013,David-Ousted,VAN2013,1264,54,16,37
365,Andrew-Tarbell-2021-1,2021,Andrew-Tarbell,ATX2021,97,5,3,2
366,Kyle-Zobeck-2020-1,2020,Kyle-Zobeck,FCD2020,355,18,6,11
367,Yohei-Takaoka-2023-1,2023,Yohei-Takaoka,VAN2023,3309,142,45,95
368,Bobby-Shuttleworth-2021-1,2021,Bobby-Shuttleworth,CHI2021,2283,110,36,73
369,Richard-Sánchez-2020-1,2020,Richard-Sánchez,SKC2020,132,5,3,2
370,Brian-Rowe-2015-1,2015,Brian-Rowe,LAG2015,677,22,9,13
371,James-Pantemis-2023-1,2023,James-Pantemis,MTL2023,182,14,5,7
372,Clément-Diop-2022-1,2022,Clément-Diop,MIA2022,298,11,7,4
373,Tim-Melia-2020-1,2020,Tim-Melia,SKC2020,1946,77,20,56
374,Tim-Melia-2013-1,2013,Tim-Melia,CHV2013,191,15,7,8
375,Brad-Guzan-2022-1,2022,Brad-Guzan,ATL2022,667,24,9,14
376,Clint-Irwin-2013-1,2013,Clint-Irwin,COL2013,3109,132,35,91
377,Zac-MacMath-2018-1,2018,Zac-MacMath,COL2018,178,16,5,9
378,Jon-Kempin-2022-1,2022,Jon-Kempin,DCU2022,199,11,5,6
379,Sean-Johnson-2022-1,2022,Sean-Johnson,NYC2022,3441,120,39,80
380,David-Ochoa-2021-1,2021,David-Ochoa,RSL2021,2458,122,38,82
381,Andrew-Tarbell-2017-1,2017,Andrew-Tarbell,SJE2017,1068,65,25,40
382,Matt-Turner-2022-1,2022,Matt-Turner,NER2022,484,15,7,8
383,Ben-Lundt-2023-1,2023,Ben-Lundt,STL2023,106,7,3,4
384,Clint-Irwin-2021-1,2021,Clint-Irwin,COL2021,98,6,3,3
385,Sebastian-Breza-2021-1,2021,Sebastian-Breza,MTL2021,793,29,8,21
386,John-Berner-2014-1,2014,John-Berner,COL2014,486,11,6,5
387,Tim-Howard-2019-1,2019,Tim-Howard,COL2019,2377,117,41,73
388,Quentin-Westberg-2019-1,2019,Quentin-Westberg,TOR2019,2732,115,39,75
389,Zac-MacMath-2016-1,2016,Zac-MacMath,COL2016,1642,57,13,39
390,Eric-Kronberg-2016-1,2016,Eric-Kronberg,MTL2016,143,5,3,2
391,Matt-Lampson-2018-1,2018,Matt-Lampson,MIN2018,898,54,19,31
392,David-Ousted-2014-1,2014,David-Ousted,VAN2014,3321,139,40,95
393,Brad-Stuver-2018-1,2018,Brad-Stuver,NYC2018,200,9,4,5
394,John-McCarthy-2020-1,2020,John-McCarthy,MIA2020,778,31,10,19
395,Mason-Stajduhar-2023-1,2023,Mason-Stajduhar,ORL2023,393,18,6,12
396,Alex-Bono-2016-1,2016,Alex-Bono,TOR2016,1477,60,15,42
397,Zack-Steffen-2018-1,2018,Zack-Steffen,CLB2018,2828,103,35,66
398,Joe-Bendik-2019-1,2019,Joe-Bendik,CLB2019,594,27,12,14
399,Joe-Willis-2022-1,2022,Joe-Willis,NSH2022,3178,138,38,98
400,Tim-Melia-2014-1,2014,Tim-Melia,CHV2014,87,4,3,1
401,Bill-Hamid-2020-1,2020,Bill-Hamid,DCU2020,1708,88,31,55
402,Adam-Grinwis-2021-1,2021,Adam-Grinwis,ORL2021,196,7,3,4
403,Tally-Hall-2015-1,2015,Tally-Hall,ORL2015,2221,114,40,73
404,Tim-Melia-2019-1,2019,Tim-Melia,SKC2019,3171,173,60,111
405,John-McCarthy-2023-1,2023,John-McCarthy,LAFC2023,2518,99,31,67
406,Andrew-Putna-2021-1,2021,Andrew-Putna,RSL2021,243,12,7,5
407,Cody-Cropper-2021-1,2021,Cody-Cropper,CIN2021,96,10,4,6
408,Jon-Kempin-2019-1,2019,Jon-Kempin,CLB2019,296,8,4,4
409,Matthew-Jones-2016-1,2016,Matthew-Jones,PHI2016,97,5,2,2
410,Pablo-Sisniega-2021-1,2021,Pablo-Sisniega,LAFC2021,783,24,10,14
411,Bobby-Shuttleworth-2022-1,2022,Bobby-Shuttleworth,ATL2022,621,21,11,10
412,Donovan-Ricketts-2015-1,2015,Donovan-Ricketts,,2040,92,32,58
413,John-McCarthy-2017-1,2017,John-McCarthy,PHI2017,783,49,13,34
414,Earl-Edwards-Jr.-2017-1,2017,Earl-Edwards-Jr.,ORL2017,92,7,6,1
415,Novak-Micovic-2023-1,2023,Novak-Micovic,LAG2023,199,12,6,6
416,Tyler-Miller-2018-1,2018,Tyler-Miller,LAFC2018,3263,169,50,114
417,Zac-MacMath-2015-1,2015,Zac-MacMath,COL2015,290,12,5,6
418,Tim-Howard-2017-1,2017,Tim-Howard,COL2017,2448,126,37,84
419,Thomas-Hasal-2020-1,2020,Thomas-Hasal,VAN2020,834,50,14,35
420,Clint-Irwin-2020-1,2020,Clint-Irwin,COL2020,392,22,8,14
421,Jesse-Gonzalez-2016-1,2016,Jesse-Gonzalez,FCD2016,571,22,10,12
422,Bill-Hamid-2022-1,2022,Bill-Hamid,DCU2022,974,52,15,34
423,Thomas-Hasal-2021-1,2021,Thomas-Hasal,VAN2021,679,35,14,20
424,Joe-Willis-2019-1,2019,Joe-Willis,HOU2019,2686,133,44,88
425,Jon-Kempin-2018-1,2018,Jon-Kempin,CLB2018,495,18,8,10
426,Chris-Seitz-2015-1,2015,Chris-Seitz,FCD2015,682,27,10,17
427,Kenneth-Kronholm-2020-1,2020,Kenneth-Kronholm,CHI2020,504,17,8,7
428,Jesse-Gonzalez-2017-1,2017,Jesse-Gonzalez,FCD2017,2830,118,40,75
429,Pablo-Sisniega-2020-1,2020,Pablo-Sisniega,LAFC2020,1371,58,21,35
430,Tim-Howard-2018-1,2018,Tim-Howard,COL2018,3193,179,56,119
431,Clint-Irwin-2016-1,2016,Clint-Irwin,TOR2016,1820,76,23,50
432,Jon-Busch-2015-1,2015,Jon-Busch,CHI2015,1169,57,22,35
433,Hunter-Sulte-2021-1,2021,Hunter-Sulte,POR2021,127,8,5,3
434,Spencer-Richey-2023-1,2023,Spencer-Richey,CHI2023,485,17,7,10
435,Dayne-St.-Clair-2021-1,2021,Dayne-St.-Clair,MIN2021,395,21,10,11
436,Brad-Knighton-2019-1,2019,Brad-Knighton,NER2019,736,29,13,16
437,Jonathan-Bond-2021-1,2021,Jonathan-Bond,LAG2021,3069,171,48,121
438,John-Pulskamp-2021-1,2021,John-Pulskamp,SKC2021,584,20,7,13
439,Luis-Marín-2015-1,2015,Luis-Marín,SKC2015,783,30,11,19
440,Luis-Robles-2019-1,2019,Luis-Robles,NYRB2019,3281,138,48,88
441,Joe-Willis-2013-1,2013,Joe-Willis,DCU2013,863,47,18,28
442,Alec-Kann-2022-1,2022,Alec-Kann,CIN2022,695,35,13,21
443,Chris-Seitz-2018-1,2018,Chris-Seitz,HOU2018,599,23,9,14
444,John-Alvbage-2017-1,2017,John-Alvbage,MIN2017,240,15,10,5
445,Brad-Guzan-2019-1,2019,Brad-Guzan,ATL2019,3337,135,41,91
446,Matt-Freese-2021-1,2021,Matt-Freese,PHI2021,560,22,7,15
447,Steve-Clark-2015-1,2015,Steve-Clark,CLB2015,3297,168,53,114
448,Zac-MacMath-2022-1,2022,Zac-MacMath,RSL2022,3361,150,45,102
449,David-Ochoa-2022-1,2022,David-Ochoa,DCU2022,875,49,16,32
450,Chris-Seitz-2021-1,2021,Chris-Seitz,DCU2021,389,18,6,11
451,Brandon-Austin-2021-1,2021,Brandon-Austin,ORL2021,501,16,8,8
452,Joe-Willis-2017-1,2017,Joe-Willis,HOU2017,780,31,14,17
453,Drake-Callender-2023-1,2023,Drake-Callender,MIA2023,3327,173,50,121
454,Andrew-Tarbell-2022-1,2022,Andrew-Tarbell,ATX2022,397,22,7,15
455,Matt-Van-Oekel-2017-1,2017,Matt-Van-Oekel,RSL2017,613,47,21,25
456,Paolo-Tornaghi-2013-1,2013,Paolo-Tornaghi,CHI2013,581,24,11,12
457,Eric-Dick-2019-1,2019,Eric-Dick,SKC2019,94,9,6,3
458,Maxime-Crépeau-2017-1,2017,Maxime-Crépeau,MTL2017,292,19,8,10
459,Tyler-Deric-2018-1,2018,Tyler-Deric,HOU2018,195,14,7,7
460,Josh-Saunders-2016-1,2016,Josh-Saunders,NYC2016,3204,158,54,98
461,Jorge-Bava-2017-1,2017,Jorge-Bava,CHI2017,773,31,11,20
462,Cody-Cropper-2019-1,2019,Cody-Cropper,NER2019,689,49,17,29
463,Greg-Ranjitsingh-2020-1,2020,Greg-Ranjitsingh,MIN2020,297,22,7,15
464,Jimmy-Maurer-2023-1,2023,Jimmy-Maurer,FCD2023,483,21,8,13
465,Evan-Bush-2021-1,2021,Evan-Bush,CLB2021,396,13,6,7
466,Richard-Sánchez-2018-1,2018,Richard-Sánchez,CHI2018,2407,128,47,79
467,John-McCarthy-2015-1,2015,John-McCarthy,PHI2015,1069,40,18,21
468,Andrew-Putna-2020-1,2020,Andrew-Putna,RSL2020,1461,62,24,38
469,Jimmy-Maurer-2021-1,2021,Jimmy-Maurer,FCD2021,2331,114,36,76
470,Bobby-Shuttleworth-2018-1,2018,Bobby-Shuttleworth,MIN2018,2476,155,51,103
471,Roman-Celentano-2022-1,2022,Roman-Celentano,CIN2022,2674,128,42,85
472,Luis-Robles-2015-1,2015,Luis-Robles,NYRB2015,3289,131,42,86
473,Kenneth-Kronholm-2019-1,2019,Kenneth-Kronholm,CHI2019,1975,87,27,58
474,Clint-Irwin-2018-1,2018,Clint-Irwin,TOR2018,682,47,19,27
475,Quentin-Westberg-2021-1,2021,Quentin-Westberg,TOR2021,967,58,22,35
476,Sean-Johnson-2023-1,2023,Sean-Johnson,TOR2023,1963,77,23,52
477,Brad-Guzan-2020-1,2020,Brad-Guzan,ATL2020,2282,91,30,59
478,Luis-Robles-2020-1,2020,Luis-Robles,MIA2020,1514,58,24,34
479,Przemyslaw-Tyton-2020-1,2020,Przemyslaw-Tyton,CIN2020,1183,48,18,30
480,Brian-Rowe-2018-1,2018,Brian-Rowe,VAN2018,996,50,20,29
481,Aljaz-Ivacic-2023-1,2023,Aljaz-Ivacic,POR2023,1488,83,26,55
482,Clément-Diop-2017-1,2017,Clément-Diop,LAG2017,1446,89,31,54
483,Troy-Perkins-2013-1,2013,Troy-Perkins,MTL2013,3234,158,47,109
484,Brad-Guzan-2018-1,2018,Brad-Guzan,ATL2018,3195,123,41,81
485,Jonathan-Klinsmann-2023-1,2023,Jonathan-Klinsmann,LAG2023,938,37,15,22
486,Jake-Gleeson-2017-1,2017,Jake-Gleeson,POR2017,1991,83,30,52
487,Kenneth-Vermeer-2020-1,2020,Kenneth-Vermeer,LAFC2020,803,36,15,19
488,Jonathan-Klinsmann-2020-1,2020,Jonathan-Klinsmann,LAG2020,387,30,11,17
489,Jake-Gleeson-2018-1,2018,Jake-Gleeson,POR2018,588,29,13,15
490,Greg-Ranjitsingh-2023-1,2023,Greg-Ranjitsingh,TOR2023,389,25,10,14
491,Spencer-Richey-2020-1,2020,Spencer-Richey,CIN2020,893,34,15,19
492,John-Pulskamp-2022-1,2022,John-Pulskamp,SKC2022,1139,50,17,32
493,Thomas-Hasal-2022-1,2022,Thomas-Hasal,VAN2022,1655,78,27,49
494,Matt-Lampson-2017-1,2017,Matt-Lampson,CHI2017,2324,91,30,58
495,Troy-Perkins-2014-1,2014,Troy-Perkins,MTL2014,2039,102,34,66
496,Gavin-Beavers-2023-1,2023,Gavin-Beavers,RSL2023,639,28,14,13
497,Sean-Johnson-2016-1,2016,Sean-Johnson,CHI2016,2135,106,35,68
498,Nick-Rimando-2019-1,2019,Nick-Rimando,RSL2019,2851,113,34,75
499,Adam-Larsen-Kwarasey-2016-1,2016,Adam-Larsen-Kwarasey,POR2016,640,31,12,19
500,Tyler-Deric-2019-1,2019,Tyler-Deric,HOU2019,692,36,15,19
501,Jimmy-Nielsen-2013-1,2013,Jimmy-Nielsen,SKC2013,3331,100,30,68
502,Nick-Marsman-2022-1,2022,Nick-Marsman,MIA2022,692,31,12,19
503,Carlos-Coronel-2022-1,2022,Carlos-Coronel,NYRB2022,3302,118,39,73
504,David-Bingham-2018-1,2018,David-Bingham,LAG2018,3327,185,61,120
505,Maxime-Crépeau-2022-1,2022,Maxime-Crépeau,LAFC2022,3297,113,34,76
506,Bobby-Shuttleworth-2013-1,2013,Bobby-Shuttleworth,NER2013,2240,96,29,64
507,Luis-Barraza-2023-1,2023,Luis-Barraza,NYC2023,2425,92,30,62
508,Kendall-McIntosh-2023-1,2023,Kendall-McIntosh,SKC2023,1333,58,20,38
509,Jonathan-Sirois-2023-1,2023,Jonathan-Sirois,MTL2023,3181,143,44,97
510,Stefan-Frei-2014-1,2014,Stefan-Frei,SEA2014,3309,149,47,99
511,John-McCarthy-2021-1,2021,John-McCarthy,MIA2021,1253,58,20,35
512,Pedro-Gallese-2022-1,2022,Pedro-Gallese,ORL2022,3200,127,47,79
513,Jon-Kempin-2021-1,2021,Jon-Kempin,DCU2021,978,37,16,18
514,Joe-Bendik-2023-1,2023,Joe-Bendik,PHI2023,792,31,12,15
515,Tally-Hall-2014-1,2014,Tally-Hall,HOU2014,2316,115,43,67
516,Quentin-Westberg-2022-1,2022,Quentin-Westberg,TOR2022,979,59,23,36
517,Alex-Bono-2021-1,2021,Alex-Bono,TOR2021,2374,126,42,82
518,David-Ousted-2018-1,2018,David-Ousted,DCU2018,1687,81,31,48
519,Kenneth-Vermeer-2021-1,2021,Kenneth-Vermeer,CIN2021,1849,94,34,57
520,Michael-Nelson-2021-1,2021,Michael-Nelson,HOU2021,1086,48,17,31
521,Bobby-Shuttleworth-2016-1,2016,Bobby-Shuttleworth,NER2016,1968,88,38,49
522,Travis-Worra-2017-1,2017,Travis-Worra,DCU2017,489,26,14,11
523,Joe-Bendik-2013-1,2013,Joe-Bendik,TOR2013,3220,139,45,90
524,Rocco-Rios-Novo-2022-1,2022,Rocco-Rios-Novo,ATL2022,1532,68,27,40
525,Bill-Hamid-2021-1,2021,Bill-Hamid,DCU2021,1987,87,27,60
526,David-Bingham-2023-1,2023,David-Bingham,POR2023,1914,78,29,48
527,Spencer-Richey-2019-1,2019,Spencer-Richey,CIN2019,1875,106,44,61
528,Joe-Bendik-2014-1,2014,Joe-Bendik,TOR2014,2631,125,43,82
529,Dayne-St.-Clair-2023-1,2023,Dayne-St.-Clair,MIN2023,2956,135,42,91
530,Andre-Blake-2016-1,2016,Andre-Blake,PHI2016,3111,150,50,99
531,David-Ousted-2017-1,2017,David-Ousted,VAN2017,2631,132,39,90
532,Daniel-Vega-2020-1,2020,Daniel-Vega,SJE2020,1173,79,35,42
533,David-Bingham-2020-1,2020,David-Bingham,LAG2020,1754,87,35,52
534,Brian-Rowe-2017-1,2017,Brian-Rowe,LAG2017,1260,60,22,35
535,Cody-Cropper-2022-1,2022,Cody-Cropper,VAN2022,1360,55,24,28
536,James-Pantemis-2021-1,2021,James-Pantemis,MTL2021,1783,83,25,56
537,Tomás-Romero-2021-1,2021,Tomás-Romero,LAFC2021,1799,62,28,33
538,Tim-Melia-2022-1,2022,Tim-Melia,SKC2022,2033,80,34,45
539,Kristijan-Kahlina-2022-1,2022,Kristijan-Kahlina,CLT2022,3081,147,47,97
540,Brad-Guzan-2023-1,2023,Brad-Guzan,ATL2023,2723,101,39,61
541,Tyler-Miller-2023-1,2023,Tyler-Miller,DCU2023,2481,101,37,63
542,Marko-Ilic-2023-1,2023,Marko-Ilic,COL2023,1276,70,28,41
543,Clint-Irwin-2014-1,2014,Clint-Irwin,COL2014,2520,125,49,73
544,Joe-Bendik-2015-1,2015,Joe-Bendik,TOR2015,1262,72,27,45
545,Carlo-Cudicini-2013-1,2013,Carlo-Cudicini,LAG2013,2034,68,27,39
546,Przemyslaw-Tyton-2021-1,2021,Przemyslaw-Tyton,CIN2021,1419,89,35,53
547,Stefan-Marinovic-2018-1,2018,Stefan-Marinovic,VAN2018,2385,112,44,65
548,Przemyslaw-Tyton-2019-1,2019,Przemyslaw-Tyton,CIN2019,1489,62,30,32
549,Alex-Bono-2018-1,2018,Alex-Bono,TOR2018,2629,137,45,90
550,Adam-Larsen-Kwarasey-2015-1,2015,Adam-Larsen-Kwarasey,POR2015,3199,120,36,80
551,Evan-Bush-2017-1,2017,Evan-Bush,MTL2017,3018,136,49,84
552,Dan-Kennedy-2013-1,2013,Dan-Kennedy,CHV2013,2980,169,56,104
553,Jonathan-Bond-2023-1,2023,Jonathan-Bond,LAG2023,2275,123,44,78
554,Evan-Bush-2019-1,2019,Evan-Bush,MTL2019,3157,144,58,84
555,Rafael-Romo-2022-1,2022,Rafael-Romo,DCU2022,1341,82,32,49
556,Jonathan-Bond-2022-1,2022,Jonathan-Bond,LAG2022,3396,146,51,90
557,Sebastian-Breza-2022-1,2022,Sebastian-Breza,MTL2022,2295,88,37,49
558,Joe-Bendik-2018-1,2018,Joe-Bendik,ORL2018,2424,142,56,84
559,Andrew-Tarbell-2018-1,2018,Andrew-Tarbell,SJE2018,2839,152,60,87
560,Cody-Cropper-2017-1,2017,Cody-Cropper,NER2017,2717,124,50,71
561,William-Yarbrough-2022-1,2022,William-Yarbrough,COL2022,3336,159,54,99
562,Dan-Kennedy-2014-1,2014,Dan-Kennedy,CHV2014,3187,155,57,93
563,JT-Marcinkowski-2022-1,2022,JT-Marcinkowski,SJE2022,3181,182,66,111
564,Andre-Blake-2019-1,2019,Andre-Blake,PHI2019,2537,103,40,59
